hora,Persistencia,Persistencia 3 días,Persistencia × radiación,Rowan-SolarHybrid,SolarNet-CNN,SolarNet-Cuantiles (q50),SolarNet-Ensamble×5,SolarNet-GRU,SolarNet-Nubes,SolarNet-Ponderada,SolarNet-Transformer
0,0.0,0.0,0.0,0.0,1.67,0.05,6.51,0.0,1.76,4.54,0.22
1,0.0,0.0,0.0,0.0,1.77,0.0,2.83,0.0,0.65,2.0,0.3
2,0.0,0.0,0.0,0.0,1.45,0.0,2.07,0.0,0.56,1.52,0.59
3,0.0,0.0,0.0,0.0,2.55,0.01,2.64,0.0,0.99,2.11,1.22
4,0.82,0.56,0.89,0.0,0.65,0.17,5.49,0.0,2.84,5.02,2.35
5,5.95,4.06,6.41,0.0,7.78,9.79,25.46,0.0,24.63,26.85,6.86
6,378.76,257.55,407.82,201.88,307.48,301.47,292.67,354.36,284.85,249.43,228.39
7,1359.52,1069.26,1463.81,977.55,1008.14,1072.02,1074.86,1141.62,1056.35,1056.65,1020.01
8,1814.26,1440.93,1953.43,1807.64,1662.36,1824.92,1763.67,1794.21,1725.7,1816.57,1786.46
9,2219.06,1829.91,2389.29,2228.35,2116.36,2230.87,2228.05,2228.97,2221.95,2259.57,2215.72
10,2697.5,2339.35,2904.43,2451.71,2359.99,2431.3,2450.51,2435.88,2420.04,2456.75,2425.26
11,2686.7,2483.28,2892.8,2463.15,2436.52,2453.73,2454.43,2433.23,2418.22,2452.44,2424.21
12,2435.35,2382.14,2622.17,2459.76,2388.79,2361.91,2358.05,2325.68,2308.64,2350.54,2385.2
13,2058.13,2051.49,2216.01,2212.22,2163.76,2136.89,2158.33,2113.56,2088.44,2145.74,2162.05
14,1765.59,1755.89,1901.03,1970.6,1743.35,1805.09,1851.48,1813.37,1764.91,1852.75,1838.38
15,1371.69,1351.97,1476.91,1410.12,1254.31,1312.3,1342.41,1322.66,1270.85,1346.04,1333.28
16,593.04,613.13,638.53,670.32,642.85,625.0,682.35,678.97,660.91,689.64,701.75
17,69.0,74.31,74.29,124.96,103.48,80.03,124.08,0.0,106.25,148.57,120.52
18,1.56,1.25,1.68,0.0,2.17,1.23,16.61,0.0,10.22,25.93,8.76
19,3.01,1.58,3.24,0.0,0.5,0.05,5.25,0.0,2.79,6.93,2.52
20,3.51,1.96,3.77,0.0,0.66,0.01,2.39,0.0,0.99,3.13,0.83
21,0.0,0.61,0.0,0.0,0.46,0.01,1.53,0.0,0.57,2.38,0.39
22,0.0,1.05,0.0,0.0,0.35,0.02,1.48,0.0,0.6,3.43,0.29
23,0.0,0.38,0.0,0.0,0.31,0.14,2.41,0.0,1.36,9.65,0.39
