fecha_hora,radiacion,nubosidad,temperatura
2026-07-08 00:00:00,,,
2026-07-08 01:00:00,,,
2026-07-08 02:00:00,,,
2026-07-08 03:00:00,,,
2026-07-08 04:00:00,,,
2026-07-08 05:00:00,,,
2026-07-08 06:00:00,,,
2026-07-08 07:00:00,,,
2026-07-08 08:00:00,,,
2026-07-08 09:00:00,,,
2026-07-08 10:00:00,,,
2026-07-08 11:00:00,,,
2026-07-08 12:00:00,,,
2026-07-08 13:00:00,,,
2026-07-08 14:00:00,,,
2026-07-08 15:00:00,,,
2026-07-08 16:00:00,,,
2026-07-08 17:00:00,,,
2026-07-08 18:00:00,,,
2026-07-08 19:00:00,,,
2026-07-08 20:00:00,,,
2026-07-08 21:00:00,,,
2026-07-08 22:00:00,,,
2026-07-08 23:00:00,,,
2026-07-09 00:00:00,,,
2026-07-09 01:00:00,,,
2026-07-09 02:00:00,,,
2026-07-09 03:00:00,,,
2026-07-09 04:00:00,,,
2026-07-09 05:00:00,,,
2026-07-09 06:00:00,,,
2026-07-09 07:00:00,,,
2026-07-09 08:00:00,,,
2026-07-09 09:00:00,,,
2026-07-09 10:00:00,,,
2026-07-09 11:00:00,,,
2026-07-09 12:00:00,,,
2026-07-09 13:00:00,,,
2026-07-09 14:00:00,,,
2026-07-09 15:00:00,,,
2026-07-09 16:00:00,,,
2026-07-09 17:00:00,,,
2026-07-09 18:00:00,,,
2026-07-09 19:00:00,,,
2026-07-09 20:00:00,,,
2026-07-09 21:00:00,,,
2026-07-09 22:00:00,,,
2026-07-09 23:00:00,,,
2026-07-10 00:00:00,,,
2026-07-10 01:00:00,,,
2026-07-10 02:00:00,,,
2026-07-10 03:00:00,,,
2026-07-10 04:00:00,,,
2026-07-10 05:00:00,,,
2026-07-10 06:00:00,,,
2026-07-10 07:00:00,,,
2026-07-10 08:00:00,,,
2026-07-10 09:00:00,,,
2026-07-10 10:00:00,,,
2026-07-10 11:00:00,,,
2026-07-10 12:00:00,,,
2026-07-10 13:00:00,,,
2026-07-10 14:00:00,,,
2026-07-10 15:00:00,,,
2026-07-10 16:00:00,,,
2026-07-10 17:00:00,,,
2026-07-10 18:00:00,,,
2026-07-10 19:00:00,,,
2026-07-10 20:00:00,,,
2026-07-10 21:00:00,,,
2026-07-10 22:00:00,,,
2026-07-10 23:00:00,,,
2026-07-11 00:00:00,,,
2026-07-11 01:00:00,,,
2026-07-11 02:00:00,,,
2026-07-11 03:00:00,,,
2026-07-11 04:00:00,,,
2026-07-11 05:00:00,,,
2026-07-11 06:00:00,,,
2026-07-11 07:00:00,,,
2026-07-11 08:00:00,,,
2026-07-11 09:00:00,,,
2026-07-11 10:00:00,,,
2026-07-11 11:00:00,,,
2026-07-11 12:00:00,,,
2026-07-11 13:00:00,,,
2026-07-11 14:00:00,,,
2026-07-11 15:00:00,,,
2026-07-11 16:00:00,,,
2026-07-11 17:00:00,,,
2026-07-11 18:00:00,,,
2026-07-11 19:00:00,,,
2026-07-11 20:00:00,,,
2026-07-11 21:00:00,,,
2026-07-11 22:00:00,,,
2026-07-11 23:00:00,,,
2026-07-12 00:00:00,,,
2026-07-12 01:00:00,,,
2026-07-12 02:00:00,,,
2026-07-12 03:00:00,,,
2026-07-12 04:00:00,,,
2026-07-12 05:00:00,,,
2026-07-12 06:00:00,,,
2026-07-12 07:00:00,,,
2026-07-12 08:00:00,,,
2026-07-12 09:00:00,,,
2026-07-12 10:00:00,,,
2026-07-12 11:00:00,,,
2026-07-12 12:00:00,,,
2026-07-12 13:00:00,,,
2026-07-12 14:00:00,,,
2026-07-12 15:00:00,,,
2026-07-12 16:00:00,,,
2026-07-12 17:00:00,,,
2026-07-12 18:00:00,,,
2026-07-12 19:00:00,,,
2026-07-12 20:00:00,,,
2026-07-12 21:00:00,,,
2026-07-12 22:00:00,,,
2026-07-12 23:00:00,,,
2026-07-13 00:00:00,,,
2026-07-13 01:00:00,,,
2026-07-13 02:00:00,,,
2026-07-13 03:00:00,,,
2026-07-13 04:00:00,,,
2026-07-13 05:00:00,,,
2026-07-13 06:00:00,,,
2026-07-13 07:00:00,,,
2026-07-13 08:00:00,,,
2026-07-13 09:00:00,,,
2026-07-13 10:00:00,,,
2026-07-13 11:00:00,,,
2026-07-13 12:00:00,,,
2026-07-13 13:00:00,,,
2026-07-13 14:00:00,,,
2026-07-13 15:00:00,,,
2026-07-13 16:00:00,,,
2026-07-13 17:00:00,,,
2026-07-13 18:00:00,,,
2026-07-13 19:00:00,,,
2026-07-13 20:00:00,,,
2026-07-13 21:00:00,,,
2026-07-13 22:00:00,,,
2026-07-13 23:00:00,,,
2026-07-14 00:00:00,,,
2026-07-14 01:00:00,,,
2026-07-14 02:00:00,,,
2026-07-14 03:00:00,,,
2026-07-14 04:00:00,,,
2026-07-14 05:00:00,,,
2026-07-14 06:00:00,,,
2026-07-14 07:00:00,,,
2026-07-14 08:00:00,,,
2026-07-14 09:00:00,,,
2026-07-14 10:00:00,,,
2026-07-14 11:00:00,,,
2026-07-14 12:00:00,,,
2026-07-14 13:00:00,,,
2026-07-14 14:00:00,,,
2026-07-14 15:00:00,,,
2026-07-14 16:00:00,,,
2026-07-14 17:00:00,,,
2026-07-14 18:00:00,,,
2026-07-14 19:00:00,,,
2026-07-14 20:00:00,,,
2026-07-14 21:00:00,,,
2026-07-14 22:00:00,,,
2026-07-14 23:00:00,,,
2026-07-15 00:00:00,,,
2026-07-15 01:00:00,,,
2026-07-15 02:00:00,,,
2026-07-15 03:00:00,,,
2026-07-15 04:00:00,,,
2026-07-15 05:00:00,,,
2026-07-15 06:00:00,,,
2026-07-15 07:00:00,,,
2026-07-15 08:00:00,,,
2026-07-15 09:00:00,,,
2026-07-15 10:00:00,,,
2026-07-15 11:00:00,,,
2026-07-15 12:00:00,,,
2026-07-15 13:00:00,,,
2026-07-15 14:00:00,,,
2026-07-15 15:00:00,,,
2026-07-15 16:00:00,,,
2026-07-15 17:00:00,,,
2026-07-15 18:00:00,,,
2026-07-15 19:00:00,,,
2026-07-15 20:00:00,,,
2026-07-15 21:00:00,,,
2026-07-15 22:00:00,,,
2026-07-15 23:00:00,,,
2026-07-16 00:00:00,,,
2026-07-16 01:00:00,,,
2026-07-16 02:00:00,,,
2026-07-16 03:00:00,,,
2026-07-16 04:00:00,,,
2026-07-16 05:00:00,,,
2026-07-16 06:00:00,,,
2026-07-16 07:00:00,,,
2026-07-16 08:00:00,,,
2026-07-16 09:00:00,,,
2026-07-16 10:00:00,,,
2026-07-16 11:00:00,,,
2026-07-16 12:00:00,,,
2026-07-16 13:00:00,,,
2026-07-16 14:00:00,,,
2026-07-16 15:00:00,,,
2026-07-16 16:00:00,,,
2026-07-16 17:00:00,,,
2026-07-16 18:00:00,,,
2026-07-16 19:00:00,,,
2026-07-16 20:00:00,,,
2026-07-16 21:00:00,,,
2026-07-16 22:00:00,,,
2026-07-16 23:00:00,,,
2026-07-17 00:00:00,,,
2026-07-17 01:00:00,,,
2026-07-17 02:00:00,,,
2026-07-17 03:00:00,,,
2026-07-17 04:00:00,,,
2026-07-17 05:00:00,,,
2026-07-17 06:00:00,,,
2026-07-17 07:00:00,,,
2026-07-17 08:00:00,,,
2026-07-17 09:00:00,,,
2026-07-17 10:00:00,,,
2026-07-17 11:00:00,,,
2026-07-17 12:00:00,,,
2026-07-17 13:00:00,,,
2026-07-17 14:00:00,,,
2026-07-17 15:00:00,,,
2026-07-17 16:00:00,,,
2026-07-17 17:00:00,,,
2026-07-17 18:00:00,,,
2026-07-17 19:00:00,,,
2026-07-17 20:00:00,,,
2026-07-17 21:00:00,,,
2026-07-17 22:00:00,,,
2026-07-17 23:00:00,,,
2026-07-18 00:00:00,,,
2026-07-18 01:00:00,,,
2026-07-18 02:00:00,,,
2026-07-18 03:00:00,,,
2026-07-18 04:00:00,,,
2026-07-18 05:00:00,,,
2026-07-18 06:00:00,,,
2026-07-18 07:00:00,,,
2026-07-18 08:00:00,,,
2026-07-18 09:00:00,,,
2026-07-18 10:00:00,,,
2026-07-18 11:00:00,,,
2026-07-18 12:00:00,,,
2026-07-18 13:00:00,,,
2026-07-18 14:00:00,,,
2026-07-18 15:00:00,,,
2026-07-18 16:00:00,,,
2026-07-18 17:00:00,,,
2026-07-18 18:00:00,,,
2026-07-18 19:00:00,,,
2026-07-18 20:00:00,,,
2026-07-18 21:00:00,,,
2026-07-18 22:00:00,,,
2026-07-18 23:00:00,,,
2026-07-19 00:00:00,,,
2026-07-19 01:00:00,,,
2026-07-19 02:00:00,,,
2026-07-19 03:00:00,,,
2026-07-19 04:00:00,,,
2026-07-19 05:00:00,,,
2026-07-19 06:00:00,,,
2026-07-19 07:00:00,,,
2026-07-19 08:00:00,,,
2026-07-19 09:00:00,,,
2026-07-19 10:00:00,,,
2026-07-19 11:00:00,,,
2026-07-19 12:00:00,,,
2026-07-19 13:00:00,,,
2026-07-19 14:00:00,,,
2026-07-19 15:00:00,,,
2026-07-19 16:00:00,,,
2026-07-19 17:00:00,,,
2026-07-19 18:00:00,,,
2026-07-19 19:00:00,,,
2026-07-19 20:00:00,,,
2026-07-19 21:00:00,,,
2026-07-19 22:00:00,,,
2026-07-19 23:00:00,,,
2026-07-20 00:00:00,,,
2026-07-20 01:00:00,,,
2026-07-20 02:00:00,,,
2026-07-20 03:00:00,,,
2026-07-20 04:00:00,,,
2026-07-20 05:00:00,,,
2026-07-20 06:00:00,,,
2026-07-20 07:00:00,,,
2026-07-20 08:00:00,,,
2026-07-20 09:00:00,,,
2026-07-20 10:00:00,,,
2026-07-20 11:00:00,,,
2026-07-20 12:00:00,,,
2026-07-20 13:00:00,,,
2026-07-20 14:00:00,,,
2026-07-20 15:00:00,,,
2026-07-20 16:00:00,,,
2026-07-20 17:00:00,,,
2026-07-20 18:00:00,,,
2026-07-20 19:00:00,,,
2026-07-20 20:00:00,,,
2026-07-20 21:00:00,,,
2026-07-20 22:00:00,,,
2026-07-20 23:00:00,,,
2026-07-21 00:00:00,,,
2026-07-21 01:00:00,,,
2026-07-21 02:00:00,,,
2026-07-21 03:00:00,,,
2026-07-21 04:00:00,,,
2026-07-21 05:00:00,,,
2026-07-21 06:00:00,,,
2026-07-21 07:00:00,,,
2026-07-21 08:00:00,,,
2026-07-21 09:00:00,,,
2026-07-21 10:00:00,,,
2026-07-21 11:00:00,,,
2026-07-21 12:00:00,,,
2026-07-21 13:00:00,,,
2026-07-21 14:00:00,,,
2026-07-21 15:00:00,,,
2026-07-21 16:00:00,,,
2026-07-21 17:00:00,,,
2026-07-21 18:00:00,,,
2026-07-21 19:00:00,,,
2026-07-21 20:00:00,,,
2026-07-21 21:00:00,,,
2026-07-21 22:00:00,,,
2026-07-21 23:00:00,,,
2026-07-22 00:00:00,,,
2026-07-22 01:00:00,,,
2026-07-22 02:00:00,,,
2026-07-22 03:00:00,,,
2026-07-22 04:00:00,,,
2026-07-22 05:00:00,,,
2026-07-22 06:00:00,,,
2026-07-22 07:00:00,,,
2026-07-22 08:00:00,,,
2026-07-22 09:00:00,,,
2026-07-22 10:00:00,,,
2026-07-22 11:00:00,,,
2026-07-22 12:00:00,,,
2026-07-22 13:00:00,,,
2026-07-22 14:00:00,,,
2026-07-22 15:00:00,,,
2026-07-22 16:00:00,,,
2026-07-22 17:00:00,,,
2026-07-22 18:00:00,,,
2026-07-22 19:00:00,,,
2026-07-22 20:00:00,,,
2026-07-22 21:00:00,,,
2026-07-22 22:00:00,,,
2026-07-22 23:00:00,,,
2026-07-23 00:00:00,,,
2026-07-23 01:00:00,,,
2026-07-23 02:00:00,,,
2026-07-23 03:00:00,,,
2026-07-23 04:00:00,,,
2026-07-23 05:00:00,,,
2026-07-23 06:00:00,,,
2026-07-23 07:00:00,,,
2026-07-23 08:00:00,,,
2026-07-23 09:00:00,,,
2026-07-23 10:00:00,,,
2026-07-23 11:00:00,,,
2026-07-23 12:00:00,,,
2026-07-23 13:00:00,,,
2026-07-23 14:00:00,,,
2026-07-23 15:00:00,,,
2026-07-23 16:00:00,,,
2026-07-23 17:00:00,,,
2026-07-23 18:00:00,,,
2026-07-23 19:00:00,,,
2026-07-23 20:00:00,,,
2026-07-23 21:00:00,,,
2026-07-23 22:00:00,,,
2026-07-23 23:00:00,,,
2026-07-24 00:00:00,,,
2026-07-24 01:00:00,,,
2026-07-24 02:00:00,,,
2026-07-24 03:00:00,,,
2026-07-24 04:00:00,,,
2026-07-24 05:00:00,,,
2026-07-24 06:00:00,,,
2026-07-24 07:00:00,,,
2026-07-24 08:00:00,,,
2026-07-24 09:00:00,,,
2026-07-24 10:00:00,,,
2026-07-24 11:00:00,,,
2026-07-24 12:00:00,,,
2026-07-24 13:00:00,,,
2026-07-24 14:00:00,,,
2026-07-24 15:00:00,,,
2026-07-24 16:00:00,,,
2026-07-24 17:00:00,,,
2026-07-24 18:00:00,,,
2026-07-24 19:00:00,,,
2026-07-24 20:00:00,,,
2026-07-24 21:00:00,,,
2026-07-24 22:00:00,,,
2026-07-24 23:00:00,,,
2026-07-25 00:00:00,,,
2026-07-25 01:00:00,,,
2026-07-25 02:00:00,,,
2026-07-25 03:00:00,,,
2026-07-25 04:00:00,,,
2026-07-25 05:00:00,,,
2026-07-25 06:00:00,,,
2026-07-25 07:00:00,,,
2026-07-25 08:00:00,,,
2026-07-25 09:00:00,,,
2026-07-25 10:00:00,,,
2026-07-25 11:00:00,,,
2026-07-25 12:00:00,,,
2026-07-25 13:00:00,,,
2026-07-25 14:00:00,,,
2026-07-25 15:00:00,,,
2026-07-25 16:00:00,,,
2026-07-25 17:00:00,,,
2026-07-25 18:00:00,,,
2026-07-25 19:00:00,,,
2026-07-25 20:00:00,,,
2026-07-25 21:00:00,,,
2026-07-25 22:00:00,,,
2026-07-25 23:00:00,,,
2026-07-26 00:00:00,,,
2026-07-26 01:00:00,,,
2026-07-26 02:00:00,,,
2026-07-26 03:00:00,,,
2026-07-26 04:00:00,,,
2026-07-26 05:00:00,,,
2026-07-26 06:00:00,,,
2026-07-26 07:00:00,,,
2026-07-26 08:00:00,,,
2026-07-26 09:00:00,,,
2026-07-26 10:00:00,,,
2026-07-26 11:00:00,,,
2026-07-26 12:00:00,,,
2026-07-26 13:00:00,,,
2026-07-26 14:00:00,,,
2026-07-26 15:00:00,,,
2026-07-26 16:00:00,,,
2026-07-26 17:00:00,,,
2026-07-26 18:00:00,,,
2026-07-26 19:00:00,,,
2026-07-26 20:00:00,,,
2026-07-26 21:00:00,,,
2026-07-26 22:00:00,,,
2026-07-26 23:00:00,,,
2026-07-27 00:00:00,,,
2026-07-27 01:00:00,,,
2026-07-27 02:00:00,,,
2026-07-27 03:00:00,,,
2026-07-27 04:00:00,,,
2026-07-27 05:00:00,,,
2026-07-27 06:00:00,,,
2026-07-27 07:00:00,,,
2026-07-27 08:00:00,,,
2026-07-27 09:00:00,,,
2026-07-27 10:00:00,,,
2026-07-27 11:00:00,,,
2026-07-27 12:00:00,,,
2026-07-27 13:00:00,,,
2026-07-27 14:00:00,,,
2026-07-27 15:00:00,,,
2026-07-27 16:00:00,,,
2026-07-27 17:00:00,,,
2026-07-27 18:00:00,,,
2026-07-27 19:00:00,,,
2026-07-27 20:00:00,,,
2026-07-27 21:00:00,,,
2026-07-27 22:00:00,,,
2026-07-27 23:00:00,,,
2026-07-28 00:00:00,,,
2026-07-28 01:00:00,,,
2026-07-28 02:00:00,,,
2026-07-28 03:00:00,,,
2026-07-28 04:00:00,,,
2026-07-28 05:00:00,,,
2026-07-28 06:00:00,,,
2026-07-28 07:00:00,,,
2026-07-28 08:00:00,,,
2026-07-28 09:00:00,,,
2026-07-28 10:00:00,,,
2026-07-28 11:00:00,,,
2026-07-28 12:00:00,,,
2026-07-28 13:00:00,,,
2026-07-28 14:00:00,,,
2026-07-28 15:00:00,,,
2026-07-28 16:00:00,,,
2026-07-28 17:00:00,,,
2026-07-28 18:00:00,124.25,56.75,30.025
2026-07-28 19:00:00,4.0,65.5,28.2
2026-07-28 20:00:00,0.0,45.75,27.15
2026-07-28 21:00:00,0.0,55.5,26.75
2026-07-28 22:00:00,0.0,55.25,26.15
2026-07-28 23:00:00,0.0,57.25,25.425
2026-07-29 00:00:00,0.0,83.25,24.925
2026-07-29 01:00:00,0.0,67.0,24.7
2026-07-29 02:00:00,0.0,52.5,24.4
2026-07-29 03:00:00,0.0,65.5,24.125
2026-07-29 04:00:00,0.0,85.5,23.95
2026-07-29 05:00:00,0.0,100.0,23.7
2026-07-29 06:00:00,0.75,76.75,23.55
2026-07-29 07:00:00,85.25,65.75,25.325000000000003
2026-07-29 08:00:00,305.25,65.25,27.5
2026-07-29 09:00:00,541.0,54.75,29.8
2026-07-29 10:00:00,727.25,68.75,32.1
2026-07-29 11:00:00,826.5,62.5,34.0
2026-07-29 12:00:00,847.25,98.5,35.2
2026-07-29 13:00:00,925.75,80.75,36.55
2026-07-29 14:00:00,847.5,89.0,37.325
2026-07-29 15:00:00,759.75,73.0,37.225
2026-07-29 16:00:00,497.25,92.25,35.9
2026-07-29 17:00:00,326.25,67.0,35.2
2026-07-29 18:00:00,85.75,95.25,32.55
2026-07-29 19:00:00,4.25,80.5,31.275
2026-07-29 20:00:00,0.0,78.0,30.225
2026-07-29 21:00:00,0.0,68.25,29.3
2026-07-29 22:00:00,0.0,67.75,28.55
2026-07-29 23:00:00,0.0,51.5,28.175
2026-07-30 00:00:00,0.0,41.0,27.825
2026-07-30 01:00:00,0.0,31.0,27.725
2026-07-30 02:00:00,0.0,32.25,27.4
2026-07-30 03:00:00,0.0,22.25,26.975
2026-07-30 04:00:00,0.0,15.5,26.75
2026-07-30 05:00:00,0.0,23.0,26.575
2026-07-30 06:00:00,0.75,34.5,26.5
2026-07-30 07:00:00,86.25,31.25,27.725
2026-07-30 08:00:00,290.25,21.5,29.8
2026-07-30 09:00:00,513.5,12.75,31.625
2026-07-30 10:00:00,710.25,14.0,33.1
2026-07-30 11:00:00,842.5,13.0,34.425
2026-07-30 12:00:00,911.25,27.5,35.55
2026-07-30 13:00:00,875.25,34.0,35.75
2026-07-30 14:00:00,808.5,58.25,35.475
2026-07-30 15:00:00,651.5,52.25,35.325
2026-07-30 16:00:00,525.0,43.75,35.375
2026-07-30 17:00:00,316.5,53.0,34.675
2026-07-30 18:00:00,113.5,61.25,32.975
2026-07-30 19:00:00,4.0,51.5,32.1
2026-07-30 20:00:00,0.0,60.25,30.975
2026-07-30 21:00:00,0.0,52.25,29.975
2026-07-30 22:00:00,0.0,54.5,29.1
2026-07-30 23:00:00,0.0,57.25,28.725
2026-07-31 00:00:00,0.0,52.0,28.375
2026-07-31 01:00:00,0.0,50.0,28.8
2026-07-31 02:00:00,0.0,56.5,27.924999999999997
2026-07-31 03:00:00,0.0,46.75,27.55
2026-07-31 04:00:00,0.0,55.75,27.175
2026-07-31 05:00:00,0.0,62.5,26.95
2026-07-31 06:00:00,0.75,54.25,26.725
2026-07-31 07:00:00,83.0,60.25,27.575
2026-07-31 08:00:00,266.0,66.0,29.175
2026-07-31 09:00:00,477.0,71.75,30.9
2026-07-31 10:00:00,663.5,84.25,32.449999999999996
2026-07-31 11:00:00,806.25,86.5,34.2
2026-07-31 12:00:00,864.25,90.5,35.225
2026-07-31 13:00:00,899.25,92.5,35.65
2026-07-31 14:00:00,779.75,82.75,35.175
2026-07-31 15:00:00,620.0,82.75,34.675
2026-07-31 16:00:00,456.75,82.0,34.55
2026-07-31 17:00:00,283.25,74.5,33.375
2026-07-31 18:00:00,99.75,80.0,32.3
2026-07-31 19:00:00,3.75,88.5,31.25
2026-07-31 20:00:00,0.0,80.75,30.425
2026-07-31 21:00:00,0.0,74.5,29.525
2026-07-31 22:00:00,0.0,76.0,28.675
2026-07-31 23:00:00,0.0,58.25,28.175
2026-08-01 00:00:00,0.0,66.75,27.950000000000003
2026-08-01 01:00:00,0.0,71.0,27.675
2026-08-01 02:00:00,0.0,46.75,27.425
2026-08-01 03:00:00,0.0,30.75,27.225
2026-08-01 04:00:00,0.0,38.25,27.075
2026-08-01 05:00:00,0.0,23.5,27.0
2026-08-01 06:00:00,0.75,29.25,26.825000000000003
2026-08-01 07:00:00,87.0,48.25,28.075
2026-08-01 08:00:00,288.25,65.25,29.900000000000002
2026-08-01 09:00:00,512.0,58.25,31.9
2026-08-01 10:00:00,666.0,73.5,33.375
2026-08-01 11:00:00,795.25,67.0,34.725
2026-08-01 12:00:00,884.0,54.75,35.849999999999994
2026-08-01 13:00:00,896.5,67.5,36.95
2026-08-01 14:00:00,799.75,64.0,36.8
2026-08-01 15:00:00,646.0,64.25,36.6
2026-08-01 16:00:00,493.75,68.25,35.775
2026-08-01 17:00:00,290.75,65.0,34.65
2026-08-01 18:00:00,108.5,54.25,33.025
2026-08-01 19:00:00,3.75,89.25,31.075
2026-08-01 20:00:00,0.0,93.0,30.05
2026-08-01 21:00:00,0.0,91.75,29.4
2026-08-01 22:00:00,0.0,86.0,29.2
2026-08-01 23:00:00,0.0,71.0,29.0
2026-08-02 00:00:00,0.0,68.5,28.675
2026-08-02 01:00:00,0.0,91.25,28.575
2026-08-02 02:00:00,0.0,90.75,28.075
2026-08-02 03:00:00,0.0,95.25,27.65
2026-08-02 04:00:00,0.0,95.25,27.425
2026-08-02 05:00:00,0.0,92.75,27.25
2026-08-02 06:00:00,0.75,90.75,26.925
2026-08-02 07:00:00,80.0,90.5,28.1
2026-08-02 08:00:00,264.25,94.25,29.875
2026-08-02 09:00:00,478.5,77.0,31.775
2026-08-02 10:00:00,674.75,74.5,33.45
2026-08-02 11:00:00,818.25,77.25,34.9
2026-08-02 12:00:00,840.25,79.25,35.8
2026-08-02 13:00:00,814.75,79.25,36.475
2026-08-02 14:00:00,765.25,90.0,36.4
2026-08-02 15:00:00,649.75,93.75,36.375
2026-08-02 16:00:00,472.25,97.0,36.0
2026-08-02 17:00:00,250.25,96.0,35.175
2026-08-02 18:00:00,97.25,95.0,33.625
2026-08-02 19:00:00,3.5,97.75,32.4
2026-08-02 20:00:00,0.0,93.25,31.55
2026-08-02 21:00:00,0.0,96.5,30.7
2026-08-02 22:00:00,0.0,95.0,29.975
2026-08-02 23:00:00,0.0,92.25,29.575
2026-08-03 00:00:00,0.0,87.25,29.2
2026-08-03 01:00:00,0.0,95.75,29.075
2026-08-03 02:00:00,0.0,95.5,28.35
2026-08-03 03:00:00,0.0,88.0,27.8
2026-08-03 04:00:00,0.0,87.75,27.375
2026-08-03 05:00:00,0.0,89.75,27.075
2026-08-03 06:00:00,0.5,83.5,26.775
2026-08-03 07:00:00,76.0,87.0,28.6
2026-08-03 08:00:00,250.25,95.25,30.3
2026-08-03 09:00:00,449.75,97.25,31.225
2026-08-03 10:00:00,566.0,97.25,32.6
2026-08-03 11:00:00,746.25,95.25,34.275
2026-08-03 12:00:00,758.0,98.5,34.025
2026-08-03 13:00:00,669.0,95.25,35.45
2026-08-03 14:00:00,721.25,95.5,35.05
2026-08-03 15:00:00,535.5,90.0,35.0
2026-08-03 16:00:00,458.25,83.5,34.65
2026-08-03 17:00:00,261.5,86.5,33.975
2026-08-03 18:00:00,75.75,91.75,32.35
2026-08-03 19:00:00,2.75,97.25,32.075
2026-08-03 20:00:00,0.0,99.25,31.25
2026-08-03 21:00:00,0.0,89.5,30.775
2026-08-03 22:00:00,0.0,82.25,30.075
2026-08-03 23:00:00,0.0,81.25,29.375
2026-08-04 00:00:00,0.0,67.25,28.675
2026-08-04 01:00:00,0.0,90.5,28.625
2026-08-04 02:00:00,0.0,89.75,28.25
2026-08-04 03:00:00,0.0,64.75,27.575
2026-08-04 04:00:00,0.0,50.25,27.075
2026-08-04 05:00:00,0.0,69.0,26.625
2026-08-04 06:00:00,0.75,53.75,26.275
2026-08-04 07:00:00,81.0,80.75,27.675
2026-08-04 08:00:00,259.5,72.75,29.075
2026-08-04 09:00:00,453.0,72.75,30.875
2026-08-04 10:00:00,576.0,71.75,32.300000000000004
2026-08-04 11:00:00,717.75,71.25,33.65
2026-08-04 12:00:00,822.0,83.5,34.45
2026-08-04 13:00:00,826.5,89.25,33.475
2026-08-04 14:00:00,685.25,82.5,33.7
2026-08-04 15:00:00,640.0,82.0,34.25
2026-08-04 16:00:00,487.0,86.75,33.325
2026-08-04 17:00:00,279.5,85.25,32.725
2026-08-04 18:00:00,95.75,79.25,31.650000000000002
2026-08-04 19:00:00,3.0,98.25,30.674999999999997
2026-08-04 20:00:00,0.0,95.75,30.075
2026-08-04 21:00:00,0.0,92.25,29.5
2026-08-04 22:00:00,0.0,97.0,29.2
2026-08-04 23:00:00,0.0,98.25,28.525
2026-08-05 00:00:00,0.0,98.75,28.125
2026-08-05 01:00:00,0.0,99.75,28.05
2026-08-05 02:00:00,0.0,99.75,27.475
2026-08-05 03:00:00,0.0,99.75,27.0
2026-08-05 04:00:00,0.0,96.75,26.7
2026-08-05 05:00:00,0.0,93.5,26.0
2026-08-05 06:00:00,0.5,97.0,25.625
2026-08-05 07:00:00,61.25,91.75,26.025
2026-08-05 08:00:00,219.25,91.75,27.3
2026-08-05 09:00:00,399.5,94.75,29.05
2026-08-05 10:00:00,560.0,89.25,30.7
2026-08-05 11:00:00,686.5,90.25,32.2
2026-08-05 12:00:00,782.25,85.25,33.275
2026-08-05 13:00:00,776.0,98.5,34.1
2026-08-05 14:00:00,665.25,97.5,34.0
2026-08-05 15:00:00,446.0,90.75,33.55
2026-08-05 16:00:00,388.75,94.0,33.55
2026-08-05 17:00:00,239.5,80.75,33.0
2026-08-05 18:00:00,77.0,88.75,31.525000000000002
2026-08-05 19:00:00,2.25,80.0,31.075
2026-08-05 20:00:00,0.0,79.5,29.9
2026-08-05 21:00:00,0.0,67.75,29.075
2026-08-05 22:00:00,0.0,82.0,28.575
2026-08-05 23:00:00,0.0,96.75,28.35
2026-08-06 00:00:00,0.0,95.75,28.05
2026-08-06 01:00:00,0.0,98.5,27.55
2026-08-06 02:00:00,0.0,90.0,27.225
2026-08-06 03:00:00,0.0,97.0,26.675
2026-08-06 04:00:00,0.0,98.25,26.7
2026-08-06 05:00:00,0.0,98.5,26.3
2026-08-06 06:00:00,0.25,95.25,26.049999999999997
2026-08-06 07:00:00,56.75,74.0,26.7
2026-08-06 08:00:00,229.0,78.0,28.075
2026-08-06 09:00:00,377.0,79.0,29.424999999999997
2026-08-06 10:00:00,456.0,78.25,30.35
2026-08-06 11:00:00,547.25,81.75,31.35
2026-08-06 12:00:00,598.5,81.0,32.175
2026-08-06 13:00:00,674.25,81.5,32.575
2026-08-06 14:00:00,572.5,84.5,32.65
2026-08-06 15:00:00,511.0,84.5,32.875
2026-08-06 16:00:00,384.0,89.0,32.6
2026-08-06 17:00:00,234.75,96.0,32.125
2026-08-06 18:00:00,85.5,92.5,30.525
2026-08-06 19:00:00,2.25,90.25,30.125
2026-08-06 20:00:00,0.0,80.25,29.0
2026-08-06 21:00:00,0.0,53.0,28.525
2026-08-06 22:00:00,0.0,72.75,28.075
2026-08-06 23:00:00,0.0,78.0,27.25
2026-08-07 00:00:00,0.0,63.5,26.9
2026-08-07 01:00:00,0.0,71.5,26.825
2026-08-07 02:00:00,0.0,62.75,26.6
2026-08-07 03:00:00,0.0,49.0,26.475
2026-08-07 04:00:00,0.0,51.25,26.275
2026-08-07 05:00:00,0.0,41.75,25.975
2026-08-07 06:00:00,0.25,29.0,25.75
2026-08-07 07:00:00,81.0,34.75,27.1
2026-08-07 08:00:00,285.5,32.75,28.674999999999997
2026-08-07 09:00:00,509.25,30.75,30.65
2026-08-07 10:00:00,693.0,46.75,32.2
2026-08-07 11:00:00,833.75,46.75,33.35
2026-08-07 12:00:00,904.25,41.25,34.7
2026-08-07 13:00:00,882.0,45.0,35.625
2026-08-07 14:00:00,820.0,59.0,35.475
2026-08-07 15:00:00,693.0,57.5,35.55
2026-08-07 16:00:00,506.75,74.5,35.35
2026-08-07 17:00:00,303.75,73.0,34.1
2026-08-07 18:00:00,108.0,91.75,32.175
2026-08-07 19:00:00,3.0,81.75,31.2
2026-08-07 20:00:00,0.0,77.25,30.125
2026-08-07 21:00:00,0.0,69.75,29.375
2026-08-07 22:00:00,0.0,57.5,28.825
2026-08-07 23:00:00,0.0,85.5,28.6
2026-08-08 00:00:00,0.0,73.75,28.15
2026-08-08 01:00:00,0.0,78.75,28.025
2026-08-08 02:00:00,0.0,86.0,27.45
2026-08-08 03:00:00,0.0,82.0,27.1
2026-08-08 04:00:00,0.0,62.5,26.575
2026-08-08 05:00:00,0.0,50.5,26.15
2026-08-08 06:00:00,0.5,45.0,25.9
2026-08-08 07:00:00,88.0,46.25,27.425
2026-08-08 08:00:00,280.5,43.25,29.3
2026-08-08 09:00:00,488.75,46.25,31.424999999999997
2026-08-08 10:00:00,716.0,45.0,33.45
2026-08-08 11:00:00,869.5,36.0,34.9
2026-08-08 12:00:00,951.5,40.0,36.025
2026-08-08 13:00:00,929.0,53.75,36.7
2026-08-08 14:00:00,867.0,44.0,36.7
2026-08-08 15:00:00,719.0,38.75,37.175
2026-08-08 16:00:00,527.5,50.0,36.85
2026-08-08 17:00:00,313.5,47.5,34.925
2026-08-08 18:00:00,106.0,51.0,32.925
2026-08-08 19:00:00,2.75,40.5,31.675
2026-08-08 20:00:00,0.0,60.25,30.725
2026-08-08 21:00:00,0.0,71.0,29.75
2026-08-08 22:00:00,0.0,83.5,29.075
2026-08-08 23:00:00,0.0,84.0,28.55
2026-08-09 00:00:00,0.0,82.0,28.125
2026-08-09 01:00:00,0.0,66.0,28.075
2026-08-09 02:00:00,0.0,81.5,27.549999999999997
2026-08-09 03:00:00,0.0,54.0,27.3
2026-08-09 04:00:00,0.0,56.75,26.875
2026-08-09 05:00:00,0.0,51.5,26.6
2026-08-09 06:00:00,0.5,38.25,26.375
2026-08-09 07:00:00,81.75,66.5,27.925
2026-08-09 08:00:00,254.0,58.25,29.675
2026-08-09 09:00:00,496.0,48.75,31.724999999999998
2026-08-09 10:00:00,706.5,48.5,33.6
2026-08-09 11:00:00,850.0,59.0,34.975
2026-08-09 12:00:00,907.0,73.5,35.975
2026-08-09 13:00:00,868.0,83.75,36.625
2026-08-09 14:00:00,777.75,80.75,35.975
2026-08-09 15:00:00,617.5,76.0,36.025
2026-08-09 16:00:00,451.75,69.25,33.025
2026-08-09 17:00:00,239.25,73.5,32.625
2026-08-09 18:00:00,89.75,82.75,31.849999999999998
2026-08-09 19:00:00,2.5,78.25,31.1
2026-08-09 20:00:00,0.0,71.5,29.8
2026-08-09 21:00:00,0.0,75.5,29.025
2026-08-09 22:00:00,0.0,62.0,28.975
2026-08-09 23:00:00,0.0,75.25,28.8
2026-08-10 00:00:00,0.0,75.0,28.45
2026-08-10 01:00:00,0.0,72.0,28.45
2026-08-10 02:00:00,0.0,72.25,28.275
2026-08-10 03:00:00,0.0,68.0,27.825
2026-08-10 04:00:00,0.0,54.5,27.5
2026-08-10 05:00:00,0.0,52.25,27.25
2026-08-10 06:00:00,0.5,35.5,26.900000000000002
2026-08-10 07:00:00,85.25,55.0,27.925
2026-08-10 08:00:00,293.75,58.0,30.0
2026-08-10 09:00:00,529.75,28.5,32.5
2026-08-10 10:00:00,724.25,26.75,34.35
2026-08-10 11:00:00,870.75,30.0,36.1
2026-08-10 12:00:00,932.5,53.75,37.650000000000006
2026-08-10 13:00:00,948.5,53.0,39.0
2026-08-10 14:00:00,874.75,64.25,38.975
2026-08-10 15:00:00,732.5,80.5,37.85
2026-08-10 16:00:00,526.75,84.0,36.775
2026-08-10 17:00:00,309.0,65.5,35.35
2026-08-10 18:00:00,109.5,53.25,33.824999999999996
2026-08-10 19:00:00,2.5,66.25,33.125
2026-08-10 20:00:00,0.0,69.25,32.025
2026-08-10 21:00:00,0.0,66.25,31.05
2026-08-10 22:00:00,0.0,48.25,30.25
2026-08-10 23:00:00,0.0,38.75,29.525
2026-08-11 00:00:00,0.0,15.25,28.925
2026-08-11 01:00:00,0.0,19.75,28.65
2026-08-11 02:00:00,0.0,43.5,28.125
2026-08-11 03:00:00,0.0,53.0,27.775
2026-08-11 04:00:00,0.0,56.0,27.625
2026-08-11 05:00:00,0.0,67.5,27.5
2026-08-11 06:00:00,0.5,74.0,27.225
2026-08-11 07:00:00,84.0,76.5,29.05
2026-08-11 08:00:00,291.5,74.5,31.325
2026-08-11 09:00:00,497.5,63.0,33.25
2026-08-11 10:00:00,710.0,57.25,35.1
2026-08-11 11:00:00,855.25,57.5,36.625
2026-08-11 12:00:00,916.75,35.25,37.85
2026-08-11 13:00:00,924.25,28.0,38.575
2026-08-11 14:00:00,880.75,44.75,38.375
2026-08-11 15:00:00,720.0,49.0,38.3
2026-08-11 16:00:00,540.0,51.25,37.15
2026-08-11 17:00:00,325.0,61.5,36.0
2026-08-11 18:00:00,109.5,82.5,34.1
2026-08-11 19:00:00,2.5,64.75,32.8
2026-08-11 20:00:00,0.0,66.5,31.65
2026-08-11 21:00:00,0.0,72.0,30.925
2026-08-11 22:00:00,0.0,77.0,30.225
2026-08-11 23:00:00,0.0,74.75,29.55
2026-08-12 00:00:00,0.0,64.75,29.049999999999997
2026-08-12 01:00:00,0.0,69.75,28.95
2026-08-12 02:00:00,0.0,78.5,28.7
2026-08-12 03:00:00,0.0,84.25,28.25
2026-08-12 04:00:00,0.0,90.0,27.875
2026-08-12 05:00:00,0.0,92.0,27.625
2026-08-12 06:00:00,0.5,97.0,27.5
2026-08-12 07:00:00,77.75,81.5,28.8
2026-08-12 08:00:00,296.75,92.5,30.925
2026-08-12 09:00:00,507.75,92.5,32.975
2026-08-12 10:00:00,671.5,84.25,34.65
2026-08-12 11:00:00,832.75,83.75,36.025
2026-08-12 12:00:00,892.25,88.0,37.05
2026-08-12 13:00:00,886.25,79.5,38.025
2026-08-12 14:00:00,855.75,69.0,38.1
2026-08-12 15:00:00,709.25,74.5,38.25
2026-08-12 16:00:00,509.0,84.0,36.85
2026-08-12 17:00:00,298.25,81.5,35.85
2026-08-12 18:00:00,99.0,74.75,34.15
2026-08-12 19:00:00,2.25,54.5,32.075
2026-08-12 20:00:00,0.0,71.75,30.700000000000003
2026-08-12 21:00:00,0.0,75.25,30.425
2026-08-12 22:00:00,0.0,86.25,30.05
2026-08-12 23:00:00,0.0,81.25,29.775
2026-08-13 00:00:00,0.0,83.75,29.375
2026-08-13 01:00:00,0.0,72.75,29.375
2026-08-13 02:00:00,0.0,83.75,28.925
2026-08-13 03:00:00,0.0,71.75,28.625
2026-08-13 04:00:00,0.0,48.25,28.225
2026-08-13 05:00:00,0.0,62.0,27.9
2026-08-13 06:00:00,0.5,81.25,27.725
2026-08-13 07:00:00,83.5,72.5,29.225
2026-08-13 08:00:00,293.5,65.0,30.75
2026-08-13 09:00:00,491.5,61.25,32.425
2026-08-13 10:00:00,660.75,62.75,34.0
2026-08-13 11:00:00,817.0,61.75,35.35
2026-08-13 12:00:00,885.5,67.25,36.4
2026-08-13 13:00:00,847.5,81.0,36.025
2026-08-13 14:00:00,779.25,77.25,35.6
2026-08-13 15:00:00,508.75,80.0,34.625
2026-08-13 16:00:00,363.75,84.5,33.675
2026-08-13 17:00:00,230.5,93.5,33.1
2026-08-13 18:00:00,80.25,97.25,32.25
2026-08-13 19:00:00,1.75,99.5,30.1
2026-08-13 20:00:00,0.0,98.75,29.85
2026-08-13 21:00:00,0.0,99.75,29.3
2026-08-13 22:00:00,0.0,97.0,28.925
2026-08-13 23:00:00,0.0,95.5,28.325
2026-08-14 00:00:00,0.0,91.5,27.85
2026-08-14 01:00:00,0.0,99.5,27.6
2026-08-14 02:00:00,0.0,99.5,27.425
2026-08-14 03:00:00,0.0,99.0,27.375
2026-08-14 04:00:00,0.0,89.25,27.375
2026-08-14 05:00:00,0.0,69.75,27.125
2026-08-14 06:00:00,0.5,63.75,26.775
2026-08-14 07:00:00,70.75,72.75,28.125
2026-08-14 08:00:00,262.5,62.0,29.725
2026-08-14 09:00:00,492.25,63.75,31.825
2026-08-14 10:00:00,681.75,69.25,33.575
2026-08-14 11:00:00,822.75,76.25,35.15
2026-08-14 12:00:00,868.75,79.5,36.175
2026-08-14 13:00:00,823.25,76.25,36.675
2026-08-14 14:00:00,691.0,72.75,35.95
2026-08-14 15:00:00,563.5,67.5,35.95
2026-08-14 16:00:00,439.75,69.25,35.775
2026-08-14 17:00:00,259.25,68.75,34.4
2026-08-14 18:00:00,89.75,72.25,32.85
2026-08-14 19:00:00,1.75,71.0,32.05
2026-08-14 20:00:00,0.0,63.25,30.925
2026-08-14 21:00:00,0.0,72.0,30.15
2026-08-14 22:00:00,0.0,70.75,29.625
2026-08-14 23:00:00,0.0,67.0,29.174999999999997
2026-08-15 00:00:00,0.0,71.5,28.75
2026-08-15 01:00:00,0.0,72.0,28.9
2026-08-15 02:00:00,0.0,58.5,28.225
2026-08-15 03:00:00,0.0,62.75,27.825
2026-08-15 04:00:00,0.0,69.75,27.625
2026-08-15 05:00:00,0.0,76.5,27.15
2026-08-15 06:00:00,0.5,69.75,26.775
2026-08-15 07:00:00,78.0,62.5,28.2
2026-08-15 08:00:00,282.5,47.5,30.225
2026-08-15 09:00:00,513.5,50.25,32.25
2026-08-15 10:00:00,706.5,53.25,33.95
2026-08-15 11:00:00,846.25,63.25,35.375
2026-08-15 12:00:00,914.75,64.75,36.525
2026-08-15 13:00:00,902.75,75.75,37.4
2026-08-15 14:00:00,817.0,74.75,36.65
2026-08-15 15:00:00,665.0,86.0,36.7
2026-08-15 16:00:00,470.75,94.0,36.775
2026-08-15 17:00:00,256.75,99.25,34.95
2026-08-15 18:00:00,78.5,97.75,33.199999999999996
2026-08-15 19:00:00,1.75,92.75,31.6
2026-08-15 20:00:00,0.0,73.25,30.849999999999998
2026-08-15 21:00:00,0.0,85.5,30.175
2026-08-15 22:00:00,0.0,96.75,29.45
2026-08-15 23:00:00,0.0,92.75,29.0
2026-08-16 00:00:00,0.0,95.5,28.425
2026-08-16 01:00:00,0.0,84.25,28.7
2026-08-16 02:00:00,0.0,83.25,28.1
2026-08-16 03:00:00,0.0,91.5,27.5
2026-08-16 04:00:00,0.0,98.0,27.2
2026-08-16 05:00:00,0.0,88.0,27.049999999999997
2026-08-16 06:00:00,0.5,84.75,26.975
2026-08-16 07:00:00,75.75,92.25,27.7
2026-08-16 08:00:00,245.75,94.75,29.075
2026-08-16 09:00:00,447.75,92.25,31.275000000000002
2026-08-16 10:00:00,593.0,96.0,33.05
2026-08-16 11:00:00,721.0,94.25,34.35
2026-08-16 12:00:00,807.5,91.75,35.35
2026-08-16 13:00:00,798.75,99.75,34.275
2026-08-16 14:00:00,666.5,99.5,34.025
2026-08-16 15:00:00,520.25,99.25,33.975
2026-08-16 16:00:00,394.75,99.5,33.225
2026-08-16 17:00:00,183.0,97.75,31.35
2026-08-16 18:00:00,73.5,95.75,30.0
2026-08-16 19:00:00,1.75,99.25,31.375
2026-08-16 20:00:00,0.0,96.25,30.2
2026-08-16 21:00:00,0.0,96.75,29.65
2026-08-16 22:00:00,0.0,99.5,29.2
2026-08-16 23:00:00,0.0,100.0,27.95
2026-08-17 00:00:00,0.0,99.5,26.95
2026-08-17 01:00:00,0.0,100.0,26.275
2026-08-17 02:00:00,0.0,100.0,26.125
2026-08-17 03:00:00,0.0,99.5,25.675
2026-08-17 04:00:00,0.0,99.75,25.125
2026-08-17 05:00:00,0.0,100.0,24.675
2026-08-17 06:00:00,0.25,100.0,24.75
2026-08-17 07:00:00,39.25,98.75,24.975
2026-08-17 08:00:00,161.5,97.0,26.125
2026-08-17 09:00:00,272.5,89.0,27.575
2026-08-17 10:00:00,481.0,82.5,29.4
2026-08-17 11:00:00,517.5,84.0,29.95
2026-08-17 12:00:00,553.5,90.25,30.9
2026-08-17 13:00:00,628.25,96.5,31.975
2026-08-17 14:00:00,558.75,96.5,31.8
2026-08-17 15:00:00,414.5,99.75,31.125
2026-08-17 16:00:00,253.5,97.5,30.375
2026-08-17 17:00:00,189.0,99.25,30.075
2026-08-17 18:00:00,59.0,99.75,29.049999999999997
2026-08-17 19:00:00,1.0,98.75,29.425
2026-08-17 20:00:00,0.0,99.0,28.775
2026-08-17 21:00:00,0.0,99.5,28.275
2026-08-17 22:00:00,0.0,99.75,27.875
2026-08-17 23:00:00,0.0,99.5,26.525
2026-08-18 00:00:00,0.0,98.5,26.075
2026-08-18 01:00:00,0.0,99.5,26.099999999999998
2026-08-18 02:00:00,0.0,98.0,25.375
2026-08-18 03:00:00,0.0,89.75,24.975
2026-08-18 04:00:00,0.0,91.75,24.849999999999998
2026-08-18 05:00:00,0.0,95.25,24.725
2026-08-18 06:00:00,0.25,90.75,24.625
2026-08-18 07:00:00,64.75,98.0,25.875
2026-08-18 08:00:00,247.5,98.0,27.25
2026-08-18 09:00:00,391.75,94.25,28.525
2026-08-18 10:00:00,508.75,95.25,29.55
2026-08-18 11:00:00,664.75,95.75,30.7
2026-08-18 12:00:00,753.5,93.0,32.425
2026-08-18 13:00:00,721.75,93.0,33.025
2026-08-18 14:00:00,650.25,88.5,33.225
2026-08-18 15:00:00,472.5,94.25,33.1
2026-08-18 16:00:00,369.75,98.5,33.075
2026-08-18 17:00:00,204.0,94.75,32.25
2026-08-18 18:00:00,68.0,85.25,30.25
2026-08-18 19:00:00,1.0,95.25,30.0
2026-08-18 20:00:00,0.0,96.0,29.375
2026-08-18 21:00:00,0.0,96.5,28.825
2026-08-18 22:00:00,0.0,88.25,28.225
2026-08-18 23:00:00,0.0,69.0,27.825
2026-08-19 00:00:00,0.0,60.25,27.525
2026-08-19 01:00:00,0.0,64.25,27.45
2026-08-19 02:00:00,0.0,61.0,26.9
2026-08-19 03:00:00,0.0,72.25,26.6
2026-08-19 04:00:00,0.0,68.75,26.325
2026-08-19 05:00:00,0.0,59.75,26.075
2026-08-19 06:00:00,0.5,46.0,25.95
2026-08-19 07:00:00,80.5,47.0,27.75
2026-08-19 08:00:00,284.5,41.75,29.75
2026-08-19 09:00:00,516.5,22.25,31.825
2026-08-19 10:00:00,715.75,34.0,33.625
2026-08-19 11:00:00,842.25,13.75,35.175
2026-08-19 12:00:00,914.25,30.25,36.3
2026-08-19 13:00:00,899.0,17.0,37.05
2026-08-19 14:00:00,857.0,23.75,36.824999999999996
2026-08-19 15:00:00,706.25,27.25,36.725
2026-08-19 16:00:00,524.0,35.0,36.875
2026-08-19 17:00:00,309.25,35.75,34.75
2026-08-19 18:00:00,101.25,50.75,33.074999999999996
2026-08-19 19:00:00,1.25,48.5,32.325
2026-08-19 20:00:00,0.0,46.0,31.25
2026-08-19 21:00:00,0.0,28.25,30.15
2026-08-19 22:00:00,0.0,20.0,29.7
2026-08-19 23:00:00,0.0,18.5,29.025
2026-08-20 00:00:00,0.0,30.0,28.625
2026-08-20 01:00:00,0.0,22.5,28.45
2026-08-20 02:00:00,0.0,39.0,27.875
2026-08-20 03:00:00,0.0,37.0,27.225
2026-08-20 04:00:00,0.0,37.75,27.1
2026-08-20 05:00:00,0.0,43.75,26.95
2026-08-20 06:00:00,0.5,48.0,26.95
2026-08-20 07:00:00,81.75,32.5,27.95
2026-08-20 08:00:00,300.75,40.0,30.15
2026-08-20 09:00:00,500.0,33.0,32.375
2026-08-20 10:00:00,718.5,43.75,34.325
2026-08-20 11:00:00,865.0,45.25,35.775
2026-08-20 12:00:00,902.75,58.0,36.75
2026-08-20 13:00:00,858.75,62.75,37.025
2026-08-20 14:00:00,778.25,67.75,36.95
2026-08-20 15:00:00,615.5,75.25,37.025
2026-08-20 16:00:00,418.0,70.5,35.825
2026-08-20 17:00:00,286.5,72.75,34.725
2026-08-20 18:00:00,89.75,57.25,33.6
2026-08-20 19:00:00,1.5,68.25,33.3
2026-08-20 20:00:00,0.0,62.5,32.2
2026-08-20 21:00:00,0.0,50.75,31.450000000000003
2026-08-20 22:00:00,0.0,34.0,30.700000000000003
2026-08-20 23:00:00,0.0,39.75,29.85
2026-08-21 00:00:00,0.0,46.5,29.175
2026-08-21 01:00:00,0.0,49.25,28.775
2026-08-21 02:00:00,0.0,51.25,28.45
2026-08-21 03:00:00,0.0,52.0,28.15
2026-08-21 04:00:00,0.0,43.0,27.7
2026-08-21 05:00:00,0.0,32.0,27.25
2026-08-21 06:00:00,0.5,29.0,26.875
2026-08-21 07:00:00,81.5,36.0,28.775
2026-08-21 08:00:00,296.5,34.5,30.95
2026-08-21 09:00:00,496.75,19.75,33.15
2026-08-21 10:00:00,702.75,30.0,34.85
2026-08-21 11:00:00,839.0,49.75,36.125
2026-08-21 12:00:00,872.0,43.75,37.025
2026-08-21 13:00:00,869.5,73.25,37.05
2026-08-21 14:00:00,712.75,67.0,34.375
2026-08-21 15:00:00,563.5,76.5,35.025
2026-08-21 16:00:00,444.25,80.25,35.225
2026-08-21 17:00:00,283.75,72.25,34.25
2026-08-21 18:00:00,93.75,69.75,33.1
2026-08-21 19:00:00,1.0,86.0,32.65
2026-08-21 20:00:00,0.0,59.5,31.75
2026-08-21 21:00:00,0.0,90.75,30.65
2026-08-21 22:00:00,0.0,83.0,29.275
2026-08-21 23:00:00,0.0,92.75,28.175
2026-08-22 00:00:00,0.0,96.5,27.875
2026-08-22 01:00:00,0.0,95.5,27.725
2026-08-22 02:00:00,0.0,98.5,27.35
2026-08-22 03:00:00,0.0,96.25,26.95
2026-08-22 04:00:00,0.0,96.5,26.65
2026-08-22 05:00:00,0.0,99.0,26.5
2026-08-22 06:00:00,0.25,99.5,26.325
2026-08-22 07:00:00,43.0,99.25,26.8
2026-08-22 08:00:00,165.0,94.5,27.55
2026-08-22 09:00:00,364.25,81.25,29.3
2026-08-22 10:00:00,465.75,83.75,30.6
2026-08-22 11:00:00,643.5,87.75,32.25
2026-08-22 12:00:00,653.75,94.0,33.325
2026-08-22 13:00:00,686.0,97.75,34.675
2026-08-22 14:00:00,626.25,93.5,34.425
2026-08-22 15:00:00,516.75,90.25,34.3
2026-08-22 16:00:00,385.5,90.25,33.475
2026-08-22 17:00:00,235.75,73.75,32.475
2026-08-22 18:00:00,86.5,62.5,31.325
2026-08-22 19:00:00,1.0,43.25,30.35
2026-08-22 20:00:00,0.0,50.75,29.925
2026-08-22 21:00:00,0.0,67.0,29.5
2026-08-22 22:00:00,0.0,60.5,29.150000000000002
2026-08-22 23:00:00,0.0,67.5,28.65
2026-08-23 00:00:00,0.0,81.5,28.15
2026-08-23 01:00:00,0.0,88.25,28.25
2026-08-23 02:00:00,0.0,93.25,27.95
2026-08-23 03:00:00,0.0,69.0,27.65
2026-08-23 04:00:00,0.0,82.75,27.4
2026-08-23 05:00:00,0.0,93.0,27.2
2026-08-23 06:00:00,0.5,95.75,27.075
2026-08-23 07:00:00,76.0,73.5,27.675
2026-08-23 08:00:00,259.75,55.75,29.2
2026-08-23 09:00:00,508.25,69.0,31.375
2026-08-23 10:00:00,619.75,68.0,32.6
2026-08-23 11:00:00,679.25,61.75,33.625
2026-08-23 12:00:00,849.75,48.5,35.15
2026-08-23 13:00:00,923.25,74.5,34.425
2026-08-23 14:00:00,659.5,62.5,34.075
2026-08-23 15:00:00,591.75,73.5,32.65
2026-08-23 16:00:00,405.5,66.0,32.15
2026-08-23 17:00:00,209.5,63.0,31.075
2026-08-23 18:00:00,70.5,72.5,30.224999999999998
2026-08-23 19:00:00,0.75,94.25,28.825000000000003
2026-08-23 20:00:00,0.0,97.75,28.225
2026-08-23 21:00:00,0.0,99.5,27.775
2026-08-23 22:00:00,0.0,96.75,27.575
2026-08-23 23:00:00,0.0,95.0,27.275
2026-08-24 00:00:00,0.0,97.25,26.75
2026-08-24 01:00:00,0.0,93.75,26.325
2026-08-24 02:00:00,0.0,92.75,25.925
2026-08-24 03:00:00,0.0,87.0,25.775
2026-08-24 04:00:00,0.0,82.5,25.474999999999998
2026-08-24 05:00:00,0.0,92.25,25.349999999999998
2026-08-24 06:00:00,0.5,92.5,25.375
2026-08-24 07:00:00,65.75,85.5,26.725
2026-08-24 08:00:00,260.25,86.5,28.400000000000002
2026-08-24 09:00:00,471.25,76.75,30.450000000000003
2026-08-24 10:00:00,659.75,64.75,32.324999999999996
2026-08-24 11:00:00,817.5,48.75,34.2
2026-08-24 12:00:00,887.25,38.0,35.275
2026-08-24 13:00:00,926.5,57.25,36.2
2026-08-24 14:00:00,806.75,70.5,36.225
2026-08-24 15:00:00,718.75,71.25,36.7
2026-08-24 16:00:00,479.75,82.75,35.1
2026-08-24 17:00:00,269.5,79.25,33.475
2026-08-24 18:00:00,87.25,64.75,32.425
2026-08-24 19:00:00,0.75,73.25,31.65
2026-08-24 20:00:00,0.0,71.25,30.9
2026-08-24 21:00:00,0.0,67.75,30.2
2026-08-24 22:00:00,0.0,49.0,29.675
2026-08-24 23:00:00,0.0,47.0,29.075000000000003
2026-08-25 00:00:00,0.0,47.0,28.45
2026-08-25 01:00:00,0.0,23.0,28.3
2026-08-25 02:00:00,0.0,37.5,27.9
2026-08-25 03:00:00,0.0,51.0,27.575
2026-08-25 04:00:00,0.0,40.75,27.15
2026-08-25 05:00:00,0.0,29.25,26.825
2026-08-25 06:00:00,0.5,31.0,26.625
2026-08-25 07:00:00,89.0,28.75,28.375
2026-08-25 08:00:00,310.0,39.5,30.225
2026-08-25 09:00:00,535.75,43.25,31.975
2026-08-25 10:00:00,719.25,57.0,33.825
2026-08-25 11:00:00,840.75,51.75,35.375
2026-08-25 12:00:00,896.25,66.25,36.4
2026-08-25 13:00:00,902.5,60.75,37.175
2026-08-25 14:00:00,834.0,71.5,37.15
2026-08-25 15:00:00,636.75,77.0,35.65
2026-08-25 16:00:00,468.75,72.5,34.625
2026-08-25 17:00:00,275.0,69.75,33.525
2026-08-25 18:00:00,84.5,66.75,32.225
2026-08-25 19:00:00,0.75,91.5,32.025
2026-08-25 20:00:00,0.0,76.75,31.175000000000004
2026-08-25 21:00:00,0.0,82.0,30.225
2026-08-25 22:00:00,0.0,90.0,29.275
2026-08-25 23:00:00,0.0,80.5,28.625
2026-08-26 00:00:00,0.0,85.75,27.7
2026-08-26 01:00:00,0.0,97.75,28.275
2026-08-26 02:00:00,0.0,94.25,28.05
2026-08-26 03:00:00,0.0,89.25,27.9
2026-08-26 04:00:00,0.0,92.5,27.6
2026-08-26 05:00:00,0.0,96.75,27.5
2026-08-26 06:00:00,0.5,86.0,27.15
2026-08-26 07:00:00,77.75,100.0,28.375
2026-08-26 08:00:00,214.75,94.75,29.875
2026-08-26 09:00:00,462.25,96.5,31.9
2026-08-26 10:00:00,644.5,91.25,33.625
2026-08-26 11:00:00,750.0,90.0,35.075
2026-08-26 12:00:00,860.5,82.0,36.4
2026-08-26 13:00:00,890.5,90.0,36.7
2026-08-26 14:00:00,802.25,84.75,36.825
2026-08-26 15:00:00,593.5,89.0,36.2
2026-08-26 16:00:00,405.25,87.75,35.175
2026-08-26 17:00:00,233.25,78.75,34.0
2026-08-26 18:00:00,70.0,79.75,32.675
2026-08-26 19:00:00,0.5,77.25,31.35
2026-08-26 20:00:00,0.0,76.5,30.475
2026-08-26 21:00:00,0.0,79.75,29.45
2026-08-26 22:00:00,0.0,91.5,29.2
2026-08-26 23:00:00,0.0,85.5,29.1
2026-08-27 00:00:00,0.0,78.5,28.625
2026-08-27 01:00:00,0.0,74.5,28.25
2026-08-27 02:00:00,0.0,88.0,27.775
2026-08-27 03:00:00,0.0,87.25,27.6
2026-08-27 04:00:00,0.0,92.5,27.3
2026-08-27 05:00:00,0.0,98.75,27.275
2026-08-27 06:00:00,0.25,81.0,27.125
2026-08-27 07:00:00,77.25,77.0,28.05
2026-08-27 08:00:00,284.75,67.75,29.3
2026-08-27 09:00:00,506.25,72.25,31.725
2026-08-27 10:00:00,717.25,57.0,33.875
2026-08-27 11:00:00,855.25,60.25,35.35
2026-08-27 12:00:00,861.75,61.25,36.35
2026-08-27 13:00:00,861.25,65.75,37.125
2026-08-27 14:00:00,801.0,70.75,36.65
2026-08-27 15:00:00,628.0,50.75,36.175
2026-08-27 16:00:00,462.75,36.5,35.8
2026-08-27 17:00:00,290.75,48.25,34.625
2026-08-27 18:00:00,88.5,70.5,33.224999999999994
2026-08-27 19:00:00,0.5,64.25,32.55
2026-08-27 20:00:00,0.0,53.0,31.525
2026-08-27 21:00:00,0.0,50.0,30.6
2026-08-27 22:00:00,0.0,53.5,30.025
2026-08-27 23:00:00,0.0,48.5,29.425
2026-08-28 00:00:00,0.0,48.0,28.95
2026-08-28 01:00:00,0.0,49.25,29.0
2026-08-28 02:00:00,0.0,46.75,28.425
2026-08-28 03:00:00,0.0,43.0,28.2
2026-08-28 04:00:00,0.0,41.0,27.875
2026-08-28 05:00:00,0.0,39.5,27.625
2026-08-28 06:00:00,0.5,39.5,27.275
2026-08-28 07:00:00,85.25,81.25,28.1
2026-08-28 08:00:00,275.75,56.5,29.775
2026-08-28 09:00:00,519.75,63.25,32.35
2026-08-28 10:00:00,688.5,75.25,33.95
2026-08-28 11:00:00,779.25,70.5,35.25
2026-08-28 12:00:00,858.5,72.75,36.225
2026-08-28 13:00:00,857.5,76.5,36.5
2026-08-28 14:00:00,773.25,79.75,36.9
2026-08-28 15:00:00,658.75,61.0,37.05
2026-08-28 16:00:00,501.5,70.5,36.25
2026-08-28 17:00:00,277.75,73.0,34.625
2026-08-28 18:00:00,82.25,88.0,33.025000000000006
2026-08-28 19:00:00,0.5,83.5,32.45
2026-08-28 20:00:00,0.0,98.25,31.55
2026-08-28 21:00:00,0.0,97.5,30.825
2026-08-28 22:00:00,0.0,98.5,30.25
2026-08-28 23:00:00,0.0,95.0,29.1
2026-08-29 00:00:00,0.0,98.25,28.575
2026-08-29 01:00:00,0.0,97.75,28.775
2026-08-29 02:00:00,0.0,92.75,28.4
2026-08-29 03:00:00,0.0,80.5,27.925
2026-08-29 04:00:00,0.0,80.5,27.65
2026-08-29 05:00:00,0.0,73.5,27.45
2026-08-29 06:00:00,0.5,87.5,27.3
2026-08-29 07:00:00,78.75,88.0,28.6
2026-08-29 08:00:00,252.5,86.0,30.125
2026-08-29 09:00:00,436.5,75.5,31.55
2026-08-29 10:00:00,636.5,81.5,33.525
2026-08-29 11:00:00,762.75,51.25,35.1
2026-08-29 12:00:00,825.0,61.25,36.15
2026-08-29 13:00:00,820.25,76.5,36.075
2026-08-29 14:00:00,732.5,77.0,35.15
2026-08-29 15:00:00,516.0,95.75,33.3
2026-08-29 16:00:00,375.0,99.25,32.675
2026-08-29 17:00:00,181.75,97.25,32.125
2026-08-29 18:00:00,64.25,98.5,30.975
2026-08-29 19:00:00,0.5,97.5,29.625
2026-08-29 20:00:00,0.0,98.75,29.425
2026-08-29 21:00:00,0.0,99.5,29.125
2026-08-29 22:00:00,0.0,99.5,28.5
2026-08-29 23:00:00,0.0,98.25,27.95
2026-08-30 00:00:00,0.0,98.5,27.275
2026-08-30 01:00:00,0.0,99.5,27.45
2026-08-30 02:00:00,0.0,99.5,26.875
2026-08-30 03:00:00,0.0,99.75,26.625
2026-08-30 04:00:00,0.0,92.5,26.4
2026-08-30 05:00:00,0.0,94.5,25.975
2026-08-30 06:00:00,0.25,92.75,25.85
2026-08-30 07:00:00,70.75,80.25,27.2
2026-08-30 08:00:00,256.75,80.0,28.45
2026-08-30 09:00:00,467.0,66.5,30.15
2026-08-30 10:00:00,679.0,73.75,32.175
2026-08-30 11:00:00,830.5,76.75,34.075
2026-08-30 12:00:00,868.25,73.0,35.074999999999996
2026-08-30 13:00:00,875.0,87.0,36.225
2026-08-30 14:00:00,832.25,57.5,35.95
2026-08-30 15:00:00,657.75,79.5,34.625
2026-08-30 16:00:00,458.0,87.75,33.6
2026-08-30 17:00:00,231.0,86.25,32.4
2026-08-30 18:00:00,59.75,88.5,29.875
2026-08-30 19:00:00,0.5,92.25,29.15
2026-08-30 20:00:00,0.0,97.25,28.1
2026-08-30 21:00:00,0.0,90.0,27.825
2026-08-30 22:00:00,0.0,93.0,27.2
2026-08-30 23:00:00,0.0,94.25,26.45
2026-08-31 00:00:00,0.0,94.5,26.425
2026-08-31 01:00:00,0.0,97.75,26.625
2026-08-31 02:00:00,0.0,98.5,26.325
2026-08-31 03:00:00,0.0,95.25,26.125
2026-08-31 04:00:00,0.0,97.75,25.8
2026-08-31 05:00:00,0.0,99.5,25.4
2026-08-31 06:00:00,0.25,98.0,25.0
2026-08-31 07:00:00,45.5,99.0,25.775
2026-08-31 08:00:00,166.75,99.0,26.65
2026-08-31 09:00:00,322.0,99.25,28.225
2026-08-31 10:00:00,450.5,99.0,29.625
2026-08-31 11:00:00,590.25,98.0,31.175
2026-08-31 12:00:00,710.75,86.0,32.675
2026-08-31 13:00:00,788.25,98.5,33.325
2026-08-31 14:00:00,668.5,89.0,33.325
2026-08-31 15:00:00,567.25,94.75,33.4
2026-08-31 16:00:00,382.75,98.0,32.6
2026-08-31 17:00:00,226.5,95.75,31.65
2026-08-31 18:00:00,58.75,82.75,30.625
2026-08-31 19:00:00,0.25,75.0,30.45
2026-08-31 20:00:00,0.0,85.75,29.525
2026-08-31 21:00:00,0.0,96.25,29.049999999999997
2026-08-31 22:00:00,0.0,90.0,28.1
2026-08-31 23:00:00,0.0,98.25,27.35
2026-09-01 00:00:00,0.0,93.0,27.0
2026-09-01 01:00:00,0.0,92.75,26.9
2026-09-01 02:00:00,0.0,88.25,26.275
2026-09-01 03:00:00,0.0,82.25,25.95
2026-09-01 04:00:00,0.0,83.75,25.825000000000003
2026-09-01 05:00:00,0.0,76.0,25.5
2026-09-01 06:00:00,0.25,69.75,25.2
2026-09-01 07:00:00,79.0,55.5,26.25
2026-09-01 08:00:00,275.75,50.5,27.7
2026-09-01 09:00:00,487.75,60.75,29.325
2026-09-01 10:00:00,683.5,72.75,31.125
2026-09-01 11:00:00,793.0,73.25,32.5
2026-09-01 12:00:00,861.0,58.0,33.324999999999996
2026-09-01 13:00:00,887.0,67.0,33.825
2026-09-01 14:00:00,721.0,65.25,33.475
2026-09-01 15:00:00,583.0,75.5,32.725
2026-09-01 16:00:00,370.75,82.75,30.175
2026-09-01 17:00:00,163.5,78.75,29.25
2026-09-01 18:00:00,57.75,80.5,28.6
2026-09-01 19:00:00,0.25,74.5,28.675
2026-09-01 20:00:00,0.0,65.0,28.325
2026-09-01 21:00:00,0.0,74.25,28.125
2026-09-01 22:00:00,0.0,78.0,27.575
2026-09-01 23:00:00,0.0,77.0,27.15
2026-09-02 00:00:00,0.0,77.0,26.025
2026-09-02 01:00:00,0.0,89.0,26.375
2026-09-02 02:00:00,0.0,78.0,26.025
2026-09-02 03:00:00,0.0,76.75,25.75
2026-09-02 04:00:00,0.0,72.75,25.325
2026-09-02 05:00:00,0.0,85.75,24.975
2026-09-02 06:00:00,0.25,92.5,24.75
2026-09-02 07:00:00,63.5,86.5,25.775
2026-09-02 08:00:00,216.5,81.5,26.575
2026-09-02 09:00:00,418.25,77.75,28.3
2026-09-02 10:00:00,630.25,76.25,30.0
2026-09-02 11:00:00,763.5,63.25,31.0
2026-09-02 12:00:00,833.25,56.5,32.175
2026-09-02 13:00:00,888.25,47.25,33.3
2026-09-02 14:00:00,833.0,52.25,33.425
2026-09-02 15:00:00,665.5,53.5,32.725
2026-09-02 16:00:00,474.0,55.0,32.3
2026-09-02 17:00:00,255.75,52.75,31.450000000000003
2026-09-02 18:00:00,72.75,73.0,30.175
2026-09-02 19:00:00,0.0,69.25,29.8
2026-09-02 20:00:00,0.0,55.0,29.125
2026-09-02 21:00:00,0.0,61.25,28.45
2026-09-02 22:00:00,0.0,74.5,28.1
2026-09-02 23:00:00,0.0,76.0,27.725
2026-09-03 00:00:00,0.0,59.25,27.35
2026-09-03 01:00:00,0.0,68.25,27.275
2026-09-03 02:00:00,0.0,65.75,26.95
2026-09-03 03:00:00,0.0,74.25,26.675
2026-09-03 04:00:00,0.0,77.75,26.375
2026-09-03 05:00:00,0.0,70.0,26.125
2026-09-03 06:00:00,0.5,53.75,25.7
2026-09-03 07:00:00,80.25,39.0,26.675
2026-09-03 08:00:00,264.5,42.5,28.35
2026-09-03 09:00:00,481.25,33.25,30.375
2026-09-03 10:00:00,715.25,42.75,32.425
2026-09-03 11:00:00,855.0,35.5,33.825
2026-09-03 12:00:00,924.5,40.75,35.0
2026-09-03 13:00:00,919.0,61.0,35.9
2026-09-03 14:00:00,839.0,71.75,35.75
2026-09-03 15:00:00,705.25,84.0,35.625
2026-09-03 16:00:00,478.25,81.5,33.9
2026-09-03 17:00:00,252.25,72.25,32.275
2026-09-03 18:00:00,69.25,76.0,30.799999999999997
2026-09-03 19:00:00,0.0,91.25,30.525
2026-09-03 20:00:00,0.0,85.5,29.975
2026-09-03 21:00:00,0.0,78.5,29.4
2026-09-03 22:00:00,0.0,80.0,28.95
2026-09-03 23:00:00,0.0,64.75,28.45
2026-09-04 00:00:00,0.0,54.5,28.075000000000003
2026-09-04 01:00:00,0.0,50.75,27.975
2026-09-04 02:00:00,0.0,47.25,27.35
2026-09-04 03:00:00,0.0,50.5,26.9
2026-09-04 04:00:00,0.0,44.25,26.525
2026-09-04 05:00:00,0.0,40.0,26.25
2026-09-04 06:00:00,0.5,48.25,26.025
2026-09-04 07:00:00,86.5,33.0,27.475
2026-09-04 08:00:00,305.25,23.5,29.35
2026-09-04 09:00:00,539.75,20.5,31.3
2026-09-04 10:00:00,734.75,41.0,32.875
2026-09-04 11:00:00,855.5,59.75,34.05
2026-09-04 12:00:00,911.0,59.25,35.1
2026-09-04 13:00:00,917.25,61.5,35.8
2026-09-04 14:00:00,763.75,63.5,35.225
2026-09-04 15:00:00,630.25,65.25,34.65
2026-09-04 16:00:00,468.0,80.5,33.7
2026-09-04 17:00:00,231.0,69.0,31.525
2026-09-04 18:00:00,58.25,72.5,30.425
2026-09-04 19:00:00,0.0,70.75,30.275
2026-09-04 20:00:00,0.0,68.25,29.55
2026-09-04 21:00:00,0.0,46.5,29.049999999999997
2026-09-04 22:00:00,0.0,47.0,28.799999999999997
2026-09-04 23:00:00,0.0,38.75,28.425
2026-09-05 00:00:00,0.0,46.0,28.025
2026-09-05 01:00:00,0.0,36.75,28.05
2026-09-05 02:00:00,0.0,25.25,27.425
2026-09-05 03:00:00,0.0,31.0,27.0
2026-09-05 04:00:00,0.0,30.75,26.75
2026-09-05 05:00:00,0.0,38.5,26.425
2026-09-05 06:00:00,0.5,31.75,26.15
2026-09-05 07:00:00,91.0,31.75,27.95
2026-09-05 08:00:00,313.25,26.5,30.05
2026-09-05 09:00:00,550.0,25.5,32.3
2026-09-05 10:00:00,730.75,40.75,33.95
2026-09-05 11:00:00,842.25,53.75,35.375
2026-09-05 12:00:00,878.25,64.25,36.05
2026-09-05 13:00:00,776.75,59.5,36.8
2026-09-05 14:00:00,790.5,58.5,35.975
2026-09-05 15:00:00,648.5,60.5,35.625
2026-09-05 16:00:00,433.0,65.5,33.225
2026-09-05 17:00:00,234.0,61.75,32.525
2026-09-05 18:00:00,72.25,67.75,30.425
2026-09-05 19:00:00,0.0,53.75,30.799999999999997
2026-09-05 20:00:00,0.0,52.25,30.450000000000003
2026-09-05 21:00:00,0.0,46.5,29.875
2026-09-05 22:00:00,0.0,25.75,29.325
2026-09-05 23:00:00,0.0,26.5,28.775
2026-09-06 00:00:00,0.0,48.0,28.5
2026-09-06 01:00:00,0.0,45.0,28.5
2026-09-06 02:00:00,0.0,43.75,27.975
2026-09-06 03:00:00,0.0,46.75,27.6
2026-09-06 04:00:00,0.0,48.5,27.225
2026-09-06 05:00:00,0.0,51.0,26.875
2026-09-06 06:00:00,0.5,57.25,26.65
2026-09-06 07:00:00,74.75,68.25,28.35
2026-09-06 08:00:00,270.25,57.5,30.0
2026-09-06 09:00:00,459.25,53.25,31.725
2026-09-06 10:00:00,670.5,53.75,33.525
2026-09-06 11:00:00,816.0,80.75,34.974999999999994
2026-09-06 12:00:00,835.0,85.5,35.775
2026-09-06 13:00:00,857.25,88.25,36.45
2026-09-06 14:00:00,726.25,87.0,36.125
2026-09-06 15:00:00,606.25,81.25,34.975
2026-09-06 16:00:00,419.5,86.0,33.375
2026-09-06 17:00:00,222.5,87.25,32.5
2026-09-06 18:00:00,57.5,86.0,31.375
2026-09-06 19:00:00,0.0,98.25,31.175
2026-09-06 20:00:00,0.0,97.25,30.25
2026-09-06 21:00:00,0.0,98.75,29.675
2026-09-06 22:00:00,0.0,99.25,29.3
2026-09-06 23:00:00,0.0,99.0,28.275
2026-09-07 00:00:00,0.0,97.5,27.75
2026-09-07 01:00:00,0.0,99.5,28.0
2026-09-07 02:00:00,0.0,98.5,27.674999999999997
2026-09-07 03:00:00,0.0,94.0,27.375
2026-09-07 04:00:00,0.0,97.25,27.15
2026-09-07 05:00:00,0.0,92.75,27.05
2026-09-07 06:00:00,0.25,91.0,26.8
2026-09-07 07:00:00,56.5,88.0,27.4
2026-09-07 08:00:00,218.0,83.25,28.700000000000003
2026-09-07 09:00:00,427.25,88.5,30.275
2026-09-07 10:00:00,577.0,87.75,31.725
2026-09-07 11:00:00,674.5,80.0,32.875
2026-09-07 12:00:00,706.5,83.25,33.85
2026-09-07 13:00:00,736.25,86.0,34.775
2026-09-07 14:00:00,632.25,86.25,34.425
2026-09-07 15:00:00,539.75,94.0,34.15
2026-09-07 16:00:00,364.25,98.75,33.075
2026-09-07 17:00:00,201.75,99.5,31.700000000000003
2026-09-07 18:00:00,46.75,98.5,30.225
2026-09-07 19:00:00,0.0,98.0,30.55
2026-09-07 20:00:00,0.0,99.25,29.775
2026-09-07 21:00:00,0.0,99.25,29.525
2026-09-07 22:00:00,0.0,95.25,29.225
2026-09-07 23:00:00,0.0,93.5,28.875
2026-09-08 00:00:00,0.0,92.25,28.475
2026-09-08 01:00:00,0.0,96.5,28.45
2026-09-08 02:00:00,0.0,79.75,27.95
2026-09-08 03:00:00,0.0,78.75,27.549999999999997
2026-09-08 04:00:00,0.0,88.25,27.35
2026-09-08 05:00:00,0.0,96.75,27.1
2026-09-08 06:00:00,0.5,94.75,26.825
2026-09-08 07:00:00,81.0,88.25,28.1
2026-09-08 08:00:00,287.5,86.25,29.675
2026-09-08 09:00:00,524.0,87.25,32.0
2026-09-08 10:00:00,740.25,63.5,33.925000000000004
2026-09-08 11:00:00,868.75,62.0,35.425
2026-09-08 12:00:00,923.0,66.0,36.5
2026-09-08 13:00:00,890.5,69.0,37.225
2026-09-08 14:00:00,815.5,58.5,36.925
2026-09-08 15:00:00,666.75,61.0,36.925
2026-09-08 16:00:00,466.5,63.25,35.875
2026-09-08 17:00:00,265.0,51.25,34.75
2026-09-08 18:00:00,74.25,75.25,33.525
2026-09-08 19:00:00,0.0,43.75,32.925
2026-09-08 20:00:00,0.0,38.25,31.6
2026-09-08 21:00:00,0.0,34.25,30.575
2026-09-08 22:00:00,0.0,38.0,29.85
2026-09-08 23:00:00,0.0,31.75,29.424999999999997
2026-09-09 00:00:00,0.0,27.75,29.125
2026-09-09 01:00:00,0.0,44.75,28.775
2026-09-09 02:00:00,0.0,28.25,28.275
2026-09-09 03:00:00,0.0,32.75,27.95
2026-09-09 04:00:00,0.0,34.75,27.775
2026-09-09 05:00:00,0.0,35.75,27.45
2026-09-09 06:00:00,0.5,36.5,27.25
2026-09-09 07:00:00,93.75,21.5,28.875
2026-09-09 08:00:00,317.5,37.0,31.275
2026-09-09 09:00:00,543.25,46.25,33.4
2026-09-09 10:00:00,733.5,35.5,35.1
2026-09-09 11:00:00,865.75,34.75,36.45
2026-09-09 12:00:00,948.75,53.75,37.75
2026-09-09 13:00:00,917.5,60.75,38.775000000000006
2026-09-09 14:00:00,822.25,70.5,37.575
2026-09-09 15:00:00,657.25,72.5,37.175
2026-09-09 16:00:00,449.25,86.25,35.875
2026-09-09 17:00:00,262.75,94.5,34.6
2026-09-09 18:00:00,63.75,94.25,32.849999999999994
2026-09-09 19:00:00,0.0,90.5,32.4
2026-09-09 20:00:00,0.0,94.25,31.450000000000003
2026-09-09 21:00:00,0.0,91.0,30.724999999999998
2026-09-09 22:00:00,0.0,82.25,29.85
2026-09-09 23:00:00,0.0,87.5,29.3
2026-09-10 00:00:00,0.0,91.5,29.1
2026-09-10 01:00:00,0.0,93.0,29.075
2026-09-10 02:00:00,0.0,94.25,28.2
2026-09-10 03:00:00,0.0,79.75,28.2
2026-09-10 04:00:00,0.0,76.5,27.95
2026-09-10 05:00:00,0.0,73.25,27.625
2026-09-10 06:00:00,0.75,75.0,27.1
2026-09-10 07:00:00,81.25,81.25,28.725
2026-09-10 08:00:00,271.25,95.25,30.55
2026-09-10 09:00:00,495.0,92.0,32.45
2026-09-10 10:00:00,679.0,82.25,33.95
2026-09-10 11:00:00,834.25,79.25,35.375
2026-09-10 12:00:00,832.75,79.0,36.15
2026-09-10 13:00:00,814.5,78.5,35.875
2026-09-10 14:00:00,655.5,97.5,34.6
2026-09-10 15:00:00,546.75,98.75,34.35
2026-09-10 16:00:00,417.0,99.5,34.175
2026-09-10 17:00:00,206.0,99.0,33.375
2026-09-10 18:00:00,55.5,99.0,30.925
2026-09-10 19:00:00,0.0,95.25,30.35
2026-09-10 20:00:00,0.0,93.0,29.3
2026-09-10 21:00:00,0.0,90.75,29.025
2026-09-10 22:00:00,0.0,83.0,28.75
2026-09-10 23:00:00,0.0,76.75,27.9
2026-09-11 00:00:00,0.0,86.75,27.4
2026-09-11 01:00:00,0.0,98.25,27.3
2026-09-11 02:00:00,0.0,94.75,26.175
2026-09-11 03:00:00,0.0,98.0,26.05
2026-09-11 04:00:00,0.0,99.0,25.9
2026-09-11 05:00:00,0.0,97.5,25.75
2026-09-11 06:00:00,0.75,98.25,25.700000000000003
2026-09-11 07:00:00,78.5,81.25,26.425
2026-09-11 08:00:00,234.75,81.5,28.175
2026-09-11 09:00:00,466.0,77.0,30.299999999999997
2026-09-11 10:00:00,670.0,67.5,32.2
2026-09-11 11:00:00,792.25,82.25,33.875
2026-09-11 12:00:00,871.5,66.25,35.325
2026-09-11 13:00:00,833.0,91.75,35.7
2026-09-11 14:00:00,755.75,90.5,35.825
2026-09-11 15:00:00,594.5,97.0,35.625
2026-09-11 16:00:00,403.5,90.0,33.25
2026-09-11 17:00:00,218.0,86.75,31.8
2026-09-11 18:00:00,56.0,90.75,30.7
2026-09-11 19:00:00,0.0,98.5,31.2
2026-09-11 20:00:00,0.0,90.0,30.5
2026-09-11 21:00:00,0.0,94.25,30.0
2026-09-11 22:00:00,0.0,99.0,29.375
2026-09-11 23:00:00,0.0,97.75,29.025
2026-09-12 00:00:00,0.0,96.0,28.65
2026-09-12 01:00:00,0.0,99.5,28.325
2026-09-12 02:00:00,0.0,98.0,27.875
2026-09-12 03:00:00,0.0,70.0,27.625
2026-09-12 04:00:00,0.0,74.25,27.4
2026-09-12 05:00:00,0.0,63.75,27.2
2026-09-12 06:00:00,0.5,49.75,26.725
2026-09-12 07:00:00,89.25,22.75,28.35
2026-09-12 08:00:00,313.25,33.5,29.95
2026-09-12 09:00:00,534.0,37.0,31.849999999999998
2026-09-12 10:00:00,706.25,42.5,33.525
2026-09-12 11:00:00,845.5,38.5,34.975
2026-09-12 12:00:00,901.25,47.0,36.05
2026-09-12 13:00:00,895.25,51.75,36.5
2026-09-12 14:00:00,794.75,51.25,36.375
2026-09-12 15:00:00,643.0,47.0,35.85
2026-09-12 16:00:00,448.0,55.25,34.775
2026-09-12 17:00:00,255.0,58.25,33.85
2026-09-12 18:00:00,64.5,59.75,32.525
2026-09-12 19:00:00,0.0,40.0,32.225
2026-09-12 20:00:00,0.0,54.0,31.225
2026-09-12 21:00:00,0.0,57.75,30.275
2026-09-12 22:00:00,0.0,68.5,29.875
2026-09-12 23:00:00,0.0,41.5,29.425
2026-09-13 00:00:00,0.0,27.75,28.875
2026-09-13 01:00:00,0.0,31.0,28.9
2026-09-13 02:00:00,0.0,31.5,28.375
2026-09-13 03:00:00,0.0,35.25,28.025
2026-09-13 04:00:00,0.0,47.25,27.75
2026-09-13 05:00:00,0.0,51.75,27.5
2026-09-13 06:00:00,0.75,53.75,27.15
2026-09-13 07:00:00,83.25,93.0,28.25
2026-09-13 08:00:00,258.0,96.25,29.7
2026-09-13 09:00:00,483.0,88.75,31.85
2026-09-13 10:00:00,629.25,94.0,33.75
2026-09-13 11:00:00,697.0,92.5,34.95
2026-09-13 12:00:00,774.5,90.75,35.9
2026-09-13 13:00:00,722.0,84.5,34.85
2026-09-13 14:00:00,648.75,97.25,35.05
2026-09-13 15:00:00,584.5,94.75,34.300000000000004
2026-09-13 16:00:00,398.0,93.25,34.15
2026-09-13 17:00:00,195.75,96.0,33.075
2026-09-13 18:00:00,48.0,99.0,31.950000000000003
2026-09-13 19:00:00,0.0,100.0,31.75
2026-09-13 20:00:00,0.0,100.0,31.025
2026-09-13 21:00:00,0.0,99.5,30.424999999999997
2026-09-13 22:00:00,0.0,99.25,29.825
2026-09-13 23:00:00,0.0,99.25,29.2
2026-09-14 00:00:00,0.0,98.25,28.675
2026-09-14 01:00:00,0.0,100.0,28.45
2026-09-14 02:00:00,0.0,98.5,28.05
2026-09-14 03:00:00,0.0,94.5,27.85
2026-09-14 04:00:00,0.0,97.0,27.625
2026-09-14 05:00:00,0.0,97.5,27.625
2026-09-14 06:00:00,0.25,94.25,27.45
2026-09-14 07:00:00,61.75,92.5,28.125
2026-09-14 08:00:00,241.75,84.75,29.95
2026-09-14 09:00:00,456.25,74.75,32.025
2026-09-14 10:00:00,691.75,77.5,34.05
2026-09-14 11:00:00,731.5,78.25,35.1
2026-09-14 12:00:00,864.75,84.5,36.125
2026-09-14 13:00:00,828.75,94.25,35.875
2026-09-14 14:00:00,660.0,71.25,35.25
2026-09-14 15:00:00,532.0,81.5,34.9
2026-09-14 16:00:00,393.25,91.75,34.875
2026-09-14 17:00:00,193.5,85.5,33.05
2026-09-14 18:00:00,49.5,92.75,31.85
2026-09-14 19:00:00,0.0,90.75,31.125
2026-09-14 20:00:00,0.0,96.75,30.125
2026-09-14 21:00:00,0.0,97.0,29.65
2026-09-14 22:00:00,0.0,95.25,29.5
2026-09-14 23:00:00,0.0,98.25,29.1
2026-09-15 00:00:00,0.0,90.0,28.625
2026-09-15 01:00:00,0.0,99.5,28.075
2026-09-15 02:00:00,0.0,95.0,27.725
2026-09-15 03:00:00,0.0,96.25,27.525
2026-09-15 04:00:00,0.0,94.5,27.425
2026-09-15 05:00:00,0.0,92.0,27.125
2026-09-15 06:00:00,0.75,91.25,26.65
2026-09-15 07:00:00,75.0,88.75,27.925
2026-09-15 08:00:00,257.0,81.5,29.275
2026-09-15 09:00:00,502.25,74.75,31.475
2026-09-15 10:00:00,706.5,78.75,33.325
2026-09-15 11:00:00,797.25,96.75,34.825
2026-09-15 12:00:00,830.5,88.25,36.125
2026-09-15 13:00:00,769.0,95.5,36.5
2026-09-15 14:00:00,684.25,86.25,36.325
2026-09-15 15:00:00,572.0,96.5,33.55
2026-09-15 16:00:00,346.0,94.75,32.65
2026-09-15 17:00:00,173.5,99.25,31.775
2026-09-15 18:00:00,42.5,98.5,30.275
2026-09-15 19:00:00,0.0,94.5,30.424999999999997
2026-09-15 20:00:00,0.0,97.0,29.4
2026-09-15 21:00:00,0.0,98.25,28.725
2026-09-15 22:00:00,0.0,96.0,28.55
2026-09-15 23:00:00,0.0,99.75,28.075
2026-09-16 00:00:00,0.0,100.0,27.425
2026-09-16 01:00:00,0.0,98.25,27.1
2026-09-16 02:00:00,0.0,100.0,26.625
2026-09-16 03:00:00,0.0,100.0,26.45
2026-09-16 04:00:00,0.0,100.0,26.3
2026-09-16 05:00:00,0.0,100.0,26.15
2026-09-16 06:00:00,0.25,99.0,26.0
2026-09-16 07:00:00,45.75,95.5,25.725
2026-09-16 08:00:00,202.25,97.0,27.025
2026-09-16 09:00:00,399.25,96.5,29.125
2026-09-16 10:00:00,565.5,97.75,31.15
2026-09-16 11:00:00,720.25,84.75,32.825
2026-09-16 12:00:00,769.25,58.25,33.95
2026-09-16 13:00:00,779.0,60.5,35.025
2026-09-16 14:00:00,746.5,71.25,34.825
2026-09-16 15:00:00,582.25,73.25,34.875
2026-09-16 16:00:00,427.0,92.75,34.574999999999996
2026-09-16 17:00:00,231.75,76.5,34.1
2026-09-16 18:00:00,56.0,89.75,32.125
2026-09-16 19:00:00,0.0,88.25,31.025000000000002
2026-09-16 20:00:00,0.0,95.5,30.225
2026-09-16 21:00:00,0.0,97.5,29.625
2026-09-16 22:00:00,0.0,86.75,29.35
2026-09-16 23:00:00,0.0,74.5,28.875
2026-09-17 00:00:00,0.0,70.0,28.45
2026-09-17 01:00:00,0.0,77.0,28.15
2026-09-17 02:00:00,0.0,64.75,27.75
2026-09-17 03:00:00,0.0,37.0,27.4
2026-09-17 04:00:00,0.0,26.0,27.125
2026-09-17 05:00:00,0.0,9.75,27.05
2026-09-17 06:00:00,0.75,5.25,26.924999999999997
2026-09-17 07:00:00,100.75,9.75,28.1
2026-09-17 08:00:00,325.5,23.0,30.325000000000003
2026-09-17 09:00:00,543.5,23.5,32.675
2026-09-17 10:00:00,739.5,19.5,34.575
2026-09-17 11:00:00,884.5,30.5,36.225
2026-09-17 12:00:00,947.75,36.0,37.425
2026-09-17 13:00:00,908.0,26.25,37.9
2026-09-17 14:00:00,852.25,38.0,37.65
2026-09-17 15:00:00,696.75,40.75,37.6
2026-09-17 16:00:00,488.5,84.5,37.2
2026-09-17 17:00:00,245.75,90.5,34.725
2026-09-17 18:00:00,57.5,67.25,32.75
2026-09-17 19:00:00,0.0,35.0,32.375
2026-09-17 20:00:00,0.0,22.0,31.575
2026-09-17 21:00:00,0.0,25.25,30.65
2026-09-17 22:00:00,0.0,27.5,30.275
2026-09-17 23:00:00,0.0,7.5,29.950000000000003
2026-09-18 00:00:00,0.0,2.25,29.375
2026-09-18 01:00:00,0.0,4.5,29.025
2026-09-18 02:00:00,0.0,6.25,28.675
2026-09-18 03:00:00,0.0,12.0,28.375
2026-09-18 04:00:00,0.0,16.5,28.125
2026-09-18 05:00:00,0.0,23.25,27.8
2026-09-18 06:00:00,1.0,20.5,27.425
2026-09-18 07:00:00,99.5,26.0,28.8
2026-09-18 08:00:00,302.5,42.5,30.775
2026-09-18 09:00:00,547.5,44.0,33.2
2026-09-18 10:00:00,745.0,46.5,35.0
2026-09-18 11:00:00,858.75,65.0,36.45
2026-09-18 12:00:00,909.25,69.0,37.275000000000006
2026-09-18 13:00:00,886.25,75.5,38.075
2026-09-18 14:00:00,771.0,75.75,37.075
2026-09-18 15:00:00,623.5,82.25,37.075
2026-09-18 16:00:00,367.75,88.5,36.0
2026-09-18 17:00:00,221.5,86.5,34.3
2026-09-18 18:00:00,49.5,94.25,32.7
2026-09-18 19:00:00,0.0,95.5,31.05
2026-09-18 20:00:00,0.0,98.75,31.1
2026-09-18 21:00:00,0.0,97.5,31.0
2026-09-18 22:00:00,0.0,96.5,30.5
2026-09-18 23:00:00,0.0,99.0,29.825
2026-09-19 00:00:00,0.0,98.5,29.35
2026-09-19 01:00:00,0.0,92.0,29.225
2026-09-19 02:00:00,0.0,82.0,28.575
2026-09-19 03:00:00,0.0,87.5,27.75
2026-09-19 04:00:00,0.0,89.5,27.4
2026-09-19 05:00:00,0.0,81.0,27.225
2026-09-19 06:00:00,1.0,98.75,26.7
2026-09-19 07:00:00,56.25,93.75,27.35
2026-09-19 08:00:00,263.0,96.25,28.7
2026-09-19 09:00:00,476.5,94.5,30.65
2026-09-19 10:00:00,603.5,95.5,32.25
2026-09-19 11:00:00,723.75,97.75,33.45
2026-09-19 12:00:00,753.75,96.0,34.4
2026-09-19 13:00:00,779.5,92.75,32.975
2026-09-19 14:00:00,565.25,85.25,32.525
2026-09-19 15:00:00,563.25,83.75,33.225
2026-09-19 16:00:00,396.5,95.25,32.975
2026-09-19 17:00:00,189.5,93.75,32.075
2026-09-19 18:00:00,46.25,81.25,30.950000000000003
2026-09-19 19:00:00,0.0,93.75,30.3
2026-09-19 20:00:00,0.0,94.5,29.525
2026-09-19 21:00:00,0.0,88.25,28.425
2026-09-19 22:00:00,0.0,85.0,27.9
2026-09-19 23:00:00,0.0,83.0,27.6
2026-09-20 00:00:00,0.0,77.0,27.275
2026-09-20 01:00:00,0.0,72.75,27.1
2026-09-20 02:00:00,0.0,84.0,26.4
2026-09-20 03:00:00,0.0,92.25,26.075
2026-09-20 04:00:00,0.0,96.25,25.85
2026-09-20 05:00:00,0.0,97.75,25.6
2026-09-20 06:00:00,0.75,88.5,25.55
2026-09-20 07:00:00,87.25,88.0,26.825
2026-09-20 08:00:00,279.0,96.25,28.325
2026-09-20 09:00:00,464.0,97.25,29.625
2026-09-20 10:00:00,685.0,83.25,31.3
2026-09-20 11:00:00,828.75,80.25,32.85
2026-09-20 12:00:00,899.0,77.5,34.25
2026-09-20 13:00:00,864.75,62.25,35.075
2026-09-20 14:00:00,800.25,79.25,34.25
2026-09-20 15:00:00,574.0,73.75,33.875
2026-09-20 16:00:00,415.25,68.0,33.75
2026-09-20 17:00:00,210.25,73.0,32.45
2026-09-20 18:00:00,46.5,59.25,29.8
2026-09-20 19:00:00,0.0,70.0,30.975
2026-09-20 20:00:00,0.0,67.0,30.400000000000002
2026-09-20 21:00:00,0.0,68.25,29.775000000000002
2026-09-20 22:00:00,0.0,80.25,29.525
2026-09-20 23:00:00,0.0,78.5,29.05
2026-09-21 00:00:00,0.0,58.25,28.3
2026-09-21 01:00:00,0.0,74.75,28.45
2026-09-21 02:00:00,0.0,82.5,27.175
2026-09-21 03:00:00,0.0,84.25,27.025
2026-09-21 04:00:00,0.0,84.25,26.775
2026-09-21 05:00:00,0.0,84.0,26.299999999999997
2026-09-21 06:00:00,0.75,87.75,26.075
2026-09-21 07:00:00,81.25,85.0,27.0
2026-09-21 08:00:00,287.5,84.0,28.2
2026-09-21 09:00:00,476.25,97.75,29.799999999999997
2026-09-21 10:00:00,601.5,90.0,31.05
2026-09-21 11:00:00,687.5,88.0,32.0
2026-09-21 12:00:00,788.0,88.0,33.175
2026-09-21 13:00:00,769.25,89.75,33.525
2026-09-21 14:00:00,725.0,91.0,32.8
2026-09-21 15:00:00,508.75,87.25,31.775
2026-09-21 16:00:00,314.25,65.25,31.924999999999997
2026-09-21 17:00:00,218.0,73.75,31.175
2026-09-21 18:00:00,47.75,94.0,29.6
2026-09-21 19:00:00,0.0,83.75,30.175
2026-09-21 20:00:00,0.0,87.0,29.575
2026-09-21 21:00:00,0.0,87.25,29.05
2026-09-21 22:00:00,0.0,88.0,28.7
2026-09-21 23:00:00,0.0,82.75,28.4
2026-09-22 00:00:00,0.0,83.5,27.95
2026-09-22 01:00:00,0.0,61.75,27.725
2026-09-22 02:00:00,0.0,59.25,27.025
2026-09-22 03:00:00,0.0,47.75,26.625
2026-09-22 04:00:00,0.0,43.5,26.45
2026-09-22 05:00:00,0.0,49.5,26.175
2026-09-22 06:00:00,1.0,41.5,25.95
2026-09-22 07:00:00,93.0,46.75,27.9
2026-09-22 08:00:00,314.0,51.5,29.375
2026-09-22 09:00:00,527.5,36.75,30.85
2026-09-22 10:00:00,720.5,57.25,32.25
2026-09-22 11:00:00,819.25,63.75,33.225
2026-09-22 12:00:00,859.25,84.75,33.875
2026-09-22 13:00:00,727.0,73.5,33.9
2026-09-22 14:00:00,738.25,75.75,33.7
2026-09-22 15:00:00,607.25,70.5,33.3
2026-09-22 16:00:00,408.0,82.75,32.7
2026-09-22 17:00:00,215.5,96.25,31.55
2026-09-22 18:00:00,44.75,91.0,30.424999999999997
2026-09-22 19:00:00,0.0,96.25,30.625
2026-09-22 20:00:00,0.0,98.0,29.950000000000003
2026-09-22 21:00:00,0.0,95.5,29.575000000000003
2026-09-22 22:00:00,0.0,75.75,29.15
2026-09-22 23:00:00,0.0,86.0,28.2
2026-09-23 00:00:00,0.0,75.0,27.4
2026-09-23 01:00:00,0.0,80.75,26.95
2026-09-23 02:00:00,0.0,82.0,26.65
2026-09-23 03:00:00,0.0,77.75,26.225
2026-09-23 04:00:00,0.0,97.0,26.075
2026-09-23 05:00:00,0.0,92.0,25.725
2026-09-23 06:00:00,0.75,83.25,25.55
2026-09-23 07:00:00,84.75,56.75,27.075
2026-09-23 08:00:00,290.5,60.75,28.8
2026-09-23 09:00:00,480.5,50.0,30.45
2026-09-23 10:00:00,641.75,55.5,31.75
2026-09-23 11:00:00,821.0,61.25,33.15
2026-09-23 12:00:00,908.5,66.0,34.075
2026-09-23 13:00:00,812.25,70.75,35.1
2026-09-23 14:00:00,766.0,70.75,34.725
2026-09-23 15:00:00,561.75,58.25,33.575
2026-09-23 16:00:00,395.0,61.25,33.35
2026-09-23 17:00:00,209.75,70.5,31.875
2026-09-23 18:00:00,41.75,75.0,29.975
2026-09-23 19:00:00,0.0,72.75,30.425
2026-09-23 20:00:00,0.0,71.5,29.65
2026-09-23 21:00:00,0.0,84.25,29.25
2026-09-23 22:00:00,0.0,83.25,28.35
2026-09-23 23:00:00,0.0,91.75,27.75
2026-09-24 00:00:00,0.0,94.25,26.675
2026-09-24 01:00:00,0.0,96.75,27.325
2026-09-24 02:00:00,0.0,86.75,26.1
2026-09-24 03:00:00,0.0,92.25,25.25
2026-09-24 04:00:00,0.0,95.5,24.875
2026-09-24 05:00:00,0.0,94.5,24.475
2026-09-24 06:00:00,0.75,92.75,24.4
2026-09-24 07:00:00,80.5,90.5,25.725
2026-09-24 08:00:00,265.5,85.0,27.075
2026-09-24 09:00:00,498.0,69.75,29.4
2026-09-24 10:00:00,694.25,65.75,31.35
2026-09-24 11:00:00,829.5,84.25,33.075
2026-09-24 12:00:00,876.75,77.0,34.199999999999996
2026-09-24 13:00:00,916.5,72.0,35.975
2026-09-24 14:00:00,816.25,75.0,35.05
2026-09-24 15:00:00,663.5,73.75,34.75
2026-09-24 16:00:00,458.0,80.25,33.1
2026-09-24 17:00:00,204.0,82.25,31.9
2026-09-24 18:00:00,43.5,87.5,29.799999999999997
2026-09-24 19:00:00,0.0,89.0,30.5
2026-09-24 20:00:00,0.0,83.25,28.75
2026-09-24 21:00:00,0.0,89.25,28.05
2026-09-24 22:00:00,0.0,72.75,27.7
2026-09-24 23:00:00,0.0,82.25,27.275
2026-09-25 00:00:00,0.0,85.0,26.95
2026-09-25 01:00:00,0.0,93.5,26.8
2026-09-25 02:00:00,0.0,95.5,26.325
2026-09-25 03:00:00,0.0,90.75,26.175
2026-09-25 04:00:00,0.0,79.75,25.475
2026-09-25 05:00:00,0.0,90.25,25.3
2026-09-25 06:00:00,1.0,91.0,25.175
2026-09-25 07:00:00,81.25,78.25,25.425
2026-09-25 08:00:00,281.75,93.5,26.425
2026-09-25 09:00:00,430.75,95.5,27.825
2026-09-25 10:00:00,625.5,97.5,29.025
2026-09-25 11:00:00,713.25,87.0,30.125
2026-09-25 12:00:00,709.75,91.5,30.15
2026-09-25 13:00:00,703.75,92.75,31.825
2026-09-25 14:00:00,616.0,94.5,30.275
2026-09-25 15:00:00,456.25,87.0,29.875
2026-09-25 16:00:00,337.5,79.0,29.65
2026-09-25 17:00:00,191.25,81.0,28.675
2026-09-25 18:00:00,35.75,86.0,27.675
2026-09-25 19:00:00,0.0,92.75,27.325
2026-09-25 20:00:00,0.0,88.75,26.675
2026-09-25 21:00:00,0.0,85.0,26.45
2026-09-25 22:00:00,0.0,82.25,26.375
2026-09-25 23:00:00,0.0,89.5,26.25
2026-09-26 00:00:00,0.0,95.5,26.175
2026-09-26 01:00:00,0.0,93.75,25.875
2026-09-26 02:00:00,0.0,90.0,25.3
2026-09-26 03:00:00,0.0,85.75,25.175
2026-09-26 04:00:00,0.0,89.75,25.05
2026-09-26 05:00:00,0.0,95.5,24.875
2026-09-26 06:00:00,0.75,92.25,24.275
2026-09-26 07:00:00,42.5,84.25,25.325
2026-09-26 08:00:00,190.75,93.5,26.075
2026-09-26 09:00:00,372.75,98.25,27.225
2026-09-26 10:00:00,446.0,98.0,28.25
2026-09-26 11:00:00,578.5,90.75,29.55
2026-09-26 12:00:00,594.25,81.25,30.15
2026-09-26 13:00:00,647.75,79.75,30.525
2026-09-26 14:00:00,459.75,83.75,30.15
2026-09-26 15:00:00,455.25,85.5,30.349999999999998
2026-09-26 16:00:00,304.5,87.0,29.525000000000002
2026-09-26 17:00:00,148.5,89.75,28.775
2026-09-26 18:00:00,27.0,97.25,27.8
2026-09-26 19:00:00,0.0,87.75,28.125
2026-09-26 20:00:00,0.0,89.0,27.725
2026-09-26 21:00:00,0.0,81.0,27.45
2026-09-26 22:00:00,0.0,84.75,27.125
2026-09-26 23:00:00,0.0,84.0,26.775
2026-09-27 00:00:00,0.0,87.5,25.675
2026-09-27 01:00:00,0.0,97.5,25.1
2026-09-27 02:00:00,0.0,96.25,24.625
2026-09-27 03:00:00,0.0,84.5,24.4
2026-09-27 04:00:00,0.0,92.5,24.15
2026-09-27 05:00:00,0.0,96.0,24.15
2026-09-27 06:00:00,1.0,97.75,24.05
2026-09-27 07:00:00,64.0,97.25,25.3
2026-09-27 08:00:00,197.5,98.5,26.2
2026-09-27 09:00:00,359.5,91.25,27.3
2026-09-27 10:00:00,394.75,92.75,27.825
2026-09-27 11:00:00,449.0,91.75,28.299999999999997
2026-09-27 12:00:00,539.25,88.25,29.175
2026-09-27 13:00:00,520.5,55.5,30.099999999999998
2026-09-27 14:00:00,681.25,34.25,30.725
2026-09-27 15:00:00,647.0,49.25,30.85
2026-09-27 16:00:00,443.5,49.5,30.55
2026-09-27 17:00:00,220.25,52.25,29.85
2026-09-27 18:00:00,38.25,65.25,28.225
2026-09-27 19:00:00,0.0,84.5,28.375
2026-09-27 20:00:00,0.0,93.25,27.65
2026-09-27 21:00:00,0.0,94.5,27.1
2026-09-27 22:00:00,0.0,94.0,26.275
2026-09-27 23:00:00,0.0,96.0,25.8
2026-09-28 00:00:00,0.0,94.0,25.575
2026-09-28 01:00:00,0.0,90.0,25.475
2026-09-28 02:00:00,0.0,94.0,25.25
2026-09-28 03:00:00,0.0,93.5,24.9
2026-09-28 04:00:00,0.0,95.25,24.35
2026-09-28 05:00:00,0.0,94.25,24.1
2026-09-28 06:00:00,1.0,97.75,24.025
2026-09-28 07:00:00,68.75,98.75,24.4
2026-09-28 08:00:00,185.75,99.25,25.225
2026-09-28 09:00:00,328.75,99.25,26.3
2026-09-28 10:00:00,496.0,96.75,27.7
2026-09-28 11:00:00,670.5,85.75,29.075
2026-09-28 12:00:00,758.25,72.25,30.2
2026-09-28 13:00:00,741.0,68.75,30.55
2026-09-28 14:00:00,711.75,65.25,30.475
2026-09-28 15:00:00,559.5,61.0,29.975
2026-09-28 16:00:00,382.75,64.0,29.225
2026-09-28 17:00:00,197.5,74.75,28.8
2026-09-28 18:00:00,40.25,77.75,27.575
2026-09-28 19:00:00,0.0,52.75,27.725
2026-09-28 20:00:00,0.0,58.25,27.175
2026-09-28 21:00:00,0.0,63.5,26.725
2026-09-28 22:00:00,0.0,66.75,26.5
2026-09-28 23:00:00,0.0,36.25,26.275000000000002
2026-09-29 00:00:00,0.0,38.5,26.225
2026-09-29 01:00:00,0.0,17.0,26.3
2026-09-29 02:00:00,0.0,20.5,25.925
2026-09-29 03:00:00,0.0,18.25,25.75
2026-09-29 04:00:00,0.0,10.5,25.475
2026-09-29 05:00:00,0.0,16.75,25.15
2026-09-29 06:00:00,1.25,20.25,24.9
2026-09-29 07:00:00,107.5,21.75,26.825
2026-09-29 08:00:00,335.5,19.75,28.425
2026-09-29 09:00:00,569.25,24.5,30.025
2026-09-29 10:00:00,767.5,32.5,31.349999999999998
2026-09-29 11:00:00,885.5,40.75,32.575
2026-09-29 12:00:00,933.25,42.5,33.475
2026-09-29 13:00:00,907.75,34.25,34.25
2026-09-29 14:00:00,833.0,51.75,34.275000000000006
2026-09-29 15:00:00,673.5,58.5,34.1
2026-09-29 16:00:00,449.25,57.75,33.55
2026-09-29 17:00:00,233.75,56.0,31.974999999999998
2026-09-29 18:00:00,43.0,56.0,29.95
2026-09-29 19:00:00,0.0,64.5,29.5
2026-09-29 20:00:00,0.0,80.0,28.75
2026-09-29 21:00:00,0.0,64.5,28.45
2026-09-29 22:00:00,0.0,94.0,28.225
2026-09-29 23:00:00,0.0,96.75,28.1
2026-09-30 00:00:00,0.0,91.0,27.725
2026-09-30 01:00:00,0.0,93.25,27.725
2026-09-30 02:00:00,0.0,75.5,27.375
2026-09-30 03:00:00,0.0,63.5,26.9
2026-09-30 04:00:00,0.0,91.5,26.125
2026-09-30 05:00:00,0.0,82.75,25.85
2026-09-30 06:00:00,1.25,86.75,25.825
2026-09-30 07:00:00,82.5,94.25,27.0
2026-09-30 08:00:00,273.75,97.25,28.375
2026-09-30 09:00:00,508.0,94.0,30.075
2026-09-30 10:00:00,682.0,92.75,31.525
2026-09-30 11:00:00,800.0,94.0,32.4
2026-09-30 12:00:00,853.75,95.5,33.05
2026-09-30 13:00:00,813.75,94.5,33.95
2026-09-30 14:00:00,683.75,82.25,33.225
2026-09-30 15:00:00,495.25,79.0,31.175
2026-09-30 16:00:00,318.75,91.25,30.775000000000002
2026-09-30 17:00:00,187.0,97.5,29.1
2026-09-30 18:00:00,27.5,98.75,27.4
2026-09-30 19:00:00,0.0,96.5,27.575
2026-09-30 20:00:00,0.0,99.5,27.275
2026-09-30 21:00:00,0.0,99.25,27.3
2026-09-30 22:00:00,0.0,97.75,27.1
2026-09-30 23:00:00,0.0,95.5,26.65
2026-10-01 00:00:00,0.0,93.25,26.325000000000003
2026-10-01 01:00:00,0.0,96.75,26.25
2026-10-01 02:00:00,0.0,98.5,26.05
2026-10-01 03:00:00,0.0,78.75,25.15
2026-10-01 04:00:00,0.0,79.5,25.1
2026-10-01 05:00:00,0.0,81.25,24.975
2026-10-01 06:00:00,1.0,79.0,25.025
2026-10-01 07:00:00,76.75,77.75,25.8
2026-10-01 08:00:00,244.0,83.75,26.825
2026-10-01 09:00:00,450.0,88.25,28.15
2026-10-01 10:00:00,563.25,92.5,29.45
2026-10-01 11:00:00,684.0,94.5,30.5
2026-10-01 12:00:00,840.5,84.25,31.625
2026-10-01 13:00:00,863.75,84.25,32.325
2026-10-01 14:00:00,792.5,79.75,32.45
2026-10-01 15:00:00,634.25,94.5,32.3
2026-10-01 16:00:00,418.75,94.0,31.6
2026-10-01 17:00:00,182.25,91.25,30.35
2026-10-01 18:00:00,37.75,88.5,28.85
2026-10-01 19:00:00,0.0,96.0,28.4
2026-10-01 20:00:00,0.0,95.0,27.875
2026-10-01 21:00:00,0.0,92.0,27.55
2026-10-01 22:00:00,0.0,95.0,27.175
2026-10-01 23:00:00,0.0,97.5,26.975
2026-10-02 00:00:00,0.0,95.25,26.75
2026-10-02 01:00:00,0.0,94.0,27.175
2026-10-02 02:00:00,0.0,91.5,26.75
2026-10-02 03:00:00,0.0,86.25,25.625
2026-10-02 04:00:00,0.0,97.75,25.5
2026-10-02 05:00:00,0.0,97.75,25.35
2026-10-02 06:00:00,1.25,97.5,24.975
2026-10-02 07:00:00,85.5,96.75,26.525
2026-10-02 08:00:00,301.75,98.25,27.975
2026-10-02 09:00:00,496.75,95.5,29.3
2026-10-02 10:00:00,703.5,90.5,30.55
2026-10-02 11:00:00,801.0,87.5,31.150000000000002
2026-10-02 12:00:00,843.25,86.25,31.525
2026-10-02 13:00:00,830.75,92.25,31.875
2026-10-02 14:00:00,735.0,98.25,31.275
2026-10-02 15:00:00,550.5,98.75,30.775000000000002
2026-10-02 16:00:00,345.5,98.5,29.5
2026-10-02 17:00:00,153.0,99.25,28.825
2026-10-02 18:00:00,27.75,95.25,27.675
2026-10-02 19:00:00,0.0,89.0,27.825
2026-10-02 20:00:00,0.0,87.0,26.725
2026-10-02 21:00:00,0.0,97.0,26.35
2026-10-02 22:00:00,0.0,93.5,25.675
2026-10-02 23:00:00,0.0,91.0,25.2
2026-10-03 00:00:00,0.0,96.75,25.175
2026-10-03 01:00:00,0.0,97.5,25.35
2026-10-03 02:00:00,0.0,98.25,24.975
2026-10-03 03:00:00,0.0,97.25,24.75
2026-10-03 04:00:00,0.0,99.25,24.625
2026-10-03 05:00:00,0.0,99.5,24.5
2026-10-03 06:00:00,1.0,96.75,24.45
2026-10-03 07:00:00,71.5,93.0,25.1
2026-10-03 08:00:00,179.5,97.0,25.925
2026-10-03 09:00:00,332.75,99.5,26.8
2026-10-03 10:00:00,401.0,99.75,27.45
2026-10-03 11:00:00,481.5,100.0,28.15
2026-10-03 12:00:00,485.0,99.75,28.75
2026-10-03 13:00:00,470.25,100.0,28.049999999999997
2026-10-03 14:00:00,376.5,100.0,28.224999999999998
2026-10-03 15:00:00,342.75,100.0,28.425
2026-10-03 16:00:00,269.25,100.0,28.1
2026-10-03 17:00:00,143.75,100.0,27.55
2026-10-03 18:00:00,24.25,99.75,26.525
2026-10-03 19:00:00,0.0,100.0,26.575000000000003
2026-10-03 20:00:00,0.0,98.0,26.275
2026-10-03 21:00:00,0.0,97.0,25.975
2026-10-03 22:00:00,0.0,96.5,25.725
2026-10-03 23:00:00,0.0,95.75,25.575
2026-10-04 00:00:00,0.0,97.0,25.4
2026-10-04 01:00:00,0.0,99.5,25.65
2026-10-04 02:00:00,0.0,96.75,25.25
2026-10-04 03:00:00,0.0,99.5,25.0
2026-10-04 04:00:00,0.0,97.25,24.75
2026-10-04 05:00:00,0.0,98.5,24.6
2026-10-04 06:00:00,1.0,99.0,24.325
2026-10-04 07:00:00,63.75,96.5,25.425
2026-10-04 08:00:00,239.0,98.25,26.425
2026-10-04 09:00:00,425.0,93.5,27.8
2026-10-04 10:00:00,533.75,99.0,28.8
2026-10-04 11:00:00,645.75,99.25,29.8
2026-10-04 12:00:00,650.25,91.25,30.45
2026-10-04 13:00:00,731.0,97.5,31.275
2026-10-04 14:00:00,608.5,93.5,31.525
2026-10-04 15:00:00,546.75,78.0,31.725
2026-10-04 16:00:00,387.0,81.0,31.325
2026-10-04 17:00:00,177.0,88.25,30.325
2026-10-04 18:00:00,29.75,92.25,28.9
2026-10-04 19:00:00,0.0,97.75,28.25
2026-10-04 20:00:00,0.0,99.25,27.75
2026-10-04 21:00:00,0.0,79.25,27.55
2026-10-04 22:00:00,0.0,73.0,27.075
2026-10-04 23:00:00,0.0,65.5,26.925
2026-10-05 00:00:00,0.0,85.25,26.575
2026-10-05 01:00:00,0.0,84.5,26.875
2026-10-05 02:00:00,0.0,67.0,26.625
2026-10-05 03:00:00,0.0,58.0,26.375
2026-10-05 04:00:00,0.0,60.25,26.1
2026-10-05 05:00:00,0.0,58.75,25.75
2026-10-05 06:00:00,1.0,62.75,25.65
2026-10-05 07:00:00,90.0,53.25,27.0
2026-10-05 08:00:00,256.75,53.25,28.275
2026-10-05 09:00:00,437.5,67.0,29.5
2026-10-05 10:00:00,593.75,49.75,30.575
2026-10-05 11:00:00,769.25,30.5,31.9
2026-10-05 12:00:00,890.5,33.0,32.85
2026-10-05 13:00:00,884.75,46.75,33.325
2026-10-05 14:00:00,710.0,56.0,32.725
2026-10-05 15:00:00,570.0,41.25,32.375
2026-10-05 16:00:00,425.5,59.5,32.025
2026-10-05 17:00:00,194.0,75.25,30.5
2026-10-05 18:00:00,30.0,82.5,28.3
2026-10-05 19:00:00,0.0,55.0,28.85
2026-10-05 20:00:00,0.0,53.75,28.2
2026-10-05 21:00:00,0.0,65.75,28.175
2026-10-05 22:00:00,0.0,77.5,28.025
2026-10-05 23:00:00,0.0,74.0,27.525
2026-10-06 00:00:00,0.0,73.5,27.175
2026-10-06 01:00:00,0.0,93.25,26.8
2026-10-06 02:00:00,0.0,97.0,26.375
2026-10-06 03:00:00,0.0,85.75,25.925
2026-10-06 04:00:00,0.0,75.75,25.475
2026-10-06 05:00:00,0.0,77.0,25.3
2026-10-06 06:00:00,1.0,70.0,25.1
2026-10-06 07:00:00,96.5,97.5,25.5
2026-10-06 08:00:00,181.25,94.0,26.475
2026-10-06 09:00:00,328.75,90.25,27.674999999999997
2026-10-06 10:00:00,536.5,97.5,29.05
2026-10-06 11:00:00,570.5,98.25,29.924999999999997
2026-10-06 12:00:00,626.0,96.5,30.65
2026-10-06 13:00:00,578.75,98.75,30.35
2026-10-06 14:00:00,493.5,96.5,29.9
2026-10-06 15:00:00,375.75,96.75,29.45
2026-10-06 16:00:00,313.5,98.75,28.7
2026-10-06 17:00:00,131.5,96.75,28.025
2026-10-06 18:00:00,23.75,98.75,26.9
2026-10-06 19:00:00,0.0,99.0,27.6
2026-10-06 20:00:00,0.0,97.0,27.45
2026-10-06 21:00:00,0.0,94.75,27.125
2026-10-06 22:00:00,0.0,95.75,26.85
2026-10-06 23:00:00,0.0,94.75,26.45
2026-10-07 00:00:00,0.0,95.0,26.25
2026-10-07 01:00:00,0.0,95.25,26.325
2026-10-07 02:00:00,0.0,97.0,25.475
2026-10-07 03:00:00,0.0,90.0,25.175
2026-10-07 04:00:00,0.0,96.5,25.025
2026-10-07 05:00:00,0.0,97.25,24.85
2026-10-07 06:00:00,1.25,88.0,24.8
2026-10-07 07:00:00,68.25,96.25,25.7
2026-10-07 08:00:00,218.0,97.25,26.75
2026-10-07 09:00:00,419.75,90.75,28.175
2026-10-07 10:00:00,616.75,93.75,29.325
2026-10-07 11:00:00,743.75,68.25,29.825
2026-10-07 12:00:00,751.5,70.5,30.225
2026-10-07 13:00:00,761.25,87.0,30.625
2026-10-07 14:00:00,572.5,97.5,28.325
2026-10-07 15:00:00,459.25,96.75,28.975
2026-10-07 16:00:00,285.75,94.75,28.375
2026-10-07 17:00:00,143.5,92.0,27.7
2026-10-07 18:00:00,25.25,94.5,26.75
2026-10-07 19:00:00,0.0,88.5,27.0
2026-10-07 20:00:00,0.0,87.75,26.65
2026-10-07 21:00:00,0.0,83.75,26.35
2026-10-07 22:00:00,0.0,95.25,26.25
2026-10-07 23:00:00,0.0,99.0,26.275
2026-10-08 00:00:00,0.0,97.75,26.075
2026-10-08 01:00:00,0.0,95.25,25.9
2026-10-08 02:00:00,0.0,86.0,25.475
2026-10-08 03:00:00,0.0,69.0,25.375
2026-10-08 04:00:00,0.0,71.25,25.125
2026-10-08 05:00:00,0.0,49.5,25.0
2026-10-08 06:00:00,1.5,68.5,24.825
2026-10-08 07:00:00,76.5,93.25,25.225
2026-10-08 08:00:00,231.25,91.5,25.825
2026-10-08 09:00:00,409.75,91.0,27.1
2026-10-08 10:00:00,578.75,89.75,28.55
2026-10-08 11:00:00,747.75,65.25,29.875
2026-10-08 12:00:00,905.75,58.5,31.05
2026-10-08 13:00:00,903.5,61.25,31.725
2026-10-08 14:00:00,804.0,66.25,31.575
2026-10-08 15:00:00,600.25,78.75,30.8
2026-10-08 16:00:00,385.0,91.25,29.4
2026-10-08 17:00:00,166.0,97.0,28.0
2026-10-08 18:00:00,27.75,96.5,27.325
2026-10-08 19:00:00,0.0,96.5,27.05
2026-10-08 20:00:00,0.0,95.25,26.8
2026-10-08 21:00:00,0.0,99.25,26.475
2026-10-08 22:00:00,0.0,98.75,26.225
2026-10-08 23:00:00,0.0,97.5,25.825
2026-10-09 00:00:00,0.0,95.75,25.4
2026-10-09 01:00:00,0.0,93.0,25.0
2026-10-09 02:00:00,0.0,99.25,24.625
2026-10-09 03:00:00,0.0,99.75,24.424999999999997
2026-10-09 04:00:00,0.0,99.5,24.425
2026-10-09 05:00:00,0.0,99.25,24.35
2026-10-09 06:00:00,1.0,99.75,24.25
2026-10-09 07:00:00,70.5,94.25,24.975
2026-10-09 08:00:00,246.25,89.0,26.05
2026-10-09 09:00:00,491.5,94.0,27.85
2026-10-09 10:00:00,677.5,71.0,29.275
2026-10-09 11:00:00,800.25,75.25,30.4
2026-10-09 12:00:00,893.5,55.75,31.25
2026-10-09 13:00:00,884.75,54.5,31.775
2026-10-09 14:00:00,708.75,51.25,30.725
2026-10-09 15:00:00,523.25,55.75,30.325
2026-10-09 16:00:00,337.0,72.25,28.55
2026-10-09 17:00:00,152.5,80.0,28.2
2026-10-09 18:00:00,28.25,86.75,27.35
2026-10-09 19:00:00,0.0,93.75,26.925
2026-10-09 20:00:00,0.0,96.0,26.725
2026-10-09 21:00:00,0.0,97.75,26.45
2026-10-09 22:00:00,0.0,98.5,25.775
2026-10-09 23:00:00,0.0,98.75,25.475
2026-10-10 00:00:00,0.0,97.75,25.175
2026-10-10 01:00:00,0.0,98.5,24.975
2026-10-10 02:00:00,0.0,99.0,24.8
2026-10-10 03:00:00,0.0,99.25,24.675
2026-10-10 04:00:00,0.0,97.75,24.525
2026-10-10 05:00:00,0.0,95.0,24.4
2026-10-10 06:00:00,1.5,94.25,24.35
2026-10-10 07:00:00,88.25,91.75,25.225
2026-10-10 08:00:00,265.0,81.0,26.7
2026-10-10 09:00:00,478.5,72.75,28.4
2026-10-10 10:00:00,666.0,64.5,29.45
2026-10-10 11:00:00,790.25,70.75,30.625
2026-10-10 12:00:00,863.25,61.25,31.375
2026-10-10 13:00:00,852.75,49.0,31.725
2026-10-10 14:00:00,750.25,63.0,31.875
2026-10-10 15:00:00,545.75,65.75,30.35
2026-10-10 16:00:00,299.75,77.75,28.65
2026-10-10 17:00:00,145.5,84.5,28.125
2026-10-10 18:00:00,25.25,88.25,27.2
2026-10-10 19:00:00,0.0,94.25,26.799999999999997
2026-10-10 20:00:00,0.0,95.25,26.225
2026-10-10 21:00:00,0.0,98.25,25.7
2026-10-10 22:00:00,0.0,98.25,25.525
2026-10-10 23:00:00,0.0,98.5,25.475
