fecha_hora,solar_mwh,radiacion,nubosidad,temperatura
2026-07-08 00:00:00,0.0,,,
2026-07-08 01:00:00,0.0,,,
2026-07-08 02:00:00,0.0,,,
2026-07-08 03:00:00,0.0,,,
2026-07-08 04:00:00,1.07953,,,
2026-07-08 05:00:00,11.05519,,,
2026-07-08 06:00:00,403.99612,,,
2026-07-08 07:00:00,1506.51203,,,
2026-07-08 08:00:00,2224.73938,,,
2026-07-08 09:00:00,2488.02875,,,
2026-07-08 10:00:00,2684.101,,,
2026-07-08 11:00:00,2574.5864,,,
2026-07-08 12:00:00,2576.66937,,,
2026-07-08 13:00:00,2485.08786,,,
2026-07-08 14:00:00,2333.62283,,,
2026-07-08 15:00:00,2072.49315,,,
2026-07-08 16:00:00,1360.40697,,,
2026-07-08 17:00:00,371.36895,,,
2026-07-08 18:00:00,9.64639,,,
2026-07-08 19:00:00,1.17895,,,
2026-07-08 20:00:00,1.65735,,,
2026-07-08 21:00:00,0.0,,,
2026-07-08 22:00:00,0.0,,,
2026-07-08 23:00:00,0.0,,,
2026-07-09 00:00:00,0.0,,,
2026-07-09 01:00:00,0.0,,,
2026-07-09 02:00:00,0.0,,,
2026-07-09 03:00:00,0.0,,,
2026-07-09 04:00:00,0.15909,,,
2026-07-09 05:00:00,2.7435,,,
2026-07-09 06:00:00,128.61511,,,
2026-07-09 07:00:00,453.21165,,,
2026-07-09 08:00:00,949.69116,,,
2026-07-09 09:00:00,1434.58618,,,
2026-07-09 10:00:00,1748.10102,,,
2026-07-09 11:00:00,1862.85323,,,
2026-07-09 12:00:00,2015.06098,,,
2026-07-09 13:00:00,1802.40071,,,
2026-07-09 14:00:00,1460.64342,,,
2026-07-09 15:00:00,945.88754,,,
2026-07-09 16:00:00,515.77601,,,
2026-07-09 17:00:00,145.48828,,,
2026-07-09 18:00:00,2.7769700000000004,,,
2026-07-09 19:00:00,0.00174,,,
2026-07-09 20:00:00,2.3771000000000004,,,
2026-07-09 21:00:00,3e-05,,,
2026-07-09 22:00:00,7.000000000000001e-05,,,
2026-07-09 23:00:00,3e-05,,,
2026-07-10 00:00:00,7.000000000000001e-05,,,
2026-07-10 01:00:00,7.000000000000001e-05,,,
2026-07-10 02:00:00,3e-05,,,
2026-07-10 03:00:00,7.000000000000001e-05,,,
2026-07-10 04:00:00,0.46293,,,
2026-07-10 05:00:00,4.34037,,,
2026-07-10 06:00:00,290.24006,,,
2026-07-10 07:00:00,1037.23987,,,
2026-07-10 08:00:00,1668.9915600000002,,,
2026-07-10 09:00:00,2028.78816,,,
2026-07-10 10:00:00,2401.44786,,,
2026-07-10 11:00:00,2418.3856600000004,,,
2026-07-10 12:00:00,2269.98263,,,
2026-07-10 13:00:00,2050.18349,,,
2026-07-10 14:00:00,1830.58046,,,
2026-07-10 15:00:00,1428.23946,,,
2026-07-10 16:00:00,946.27606,,,
2026-07-10 17:00:00,287.56605,,,
2026-07-10 18:00:00,4.03604,,,
2026-07-10 19:00:00,1.92189,,,
2026-07-10 20:00:00,2.99201,,,
2026-07-10 21:00:00,0.0701699999999999,,,
2026-07-10 22:00:00,0.0001,,,
2026-07-10 23:00:00,7.000000000000001e-05,,,
2026-07-11 00:00:00,7.000000000000001e-05,,,
2026-07-11 01:00:00,7.000000000000001e-05,,,
2026-07-11 02:00:00,0.0001,,,
2026-07-11 03:00:00,7.000000000000001e-05,,,
2026-07-11 04:00:00,0.85362,,,
2026-07-11 05:00:00,4.62992,,,
2026-07-11 06:00:00,301.07678,,,
2026-07-11 07:00:00,1295.5831699999999,,,
2026-07-11 08:00:00,2069.33704,,,
2026-07-11 09:00:00,2316.2703500000002,,,
2026-07-11 10:00:00,2594.4927599999996,,,
2026-07-11 11:00:00,2534.6187099999997,,,
2026-07-11 12:00:00,2379.6238399999997,,,
2026-07-11 13:00:00,2151.16515,,,
2026-07-11 14:00:00,2074.21025,,,
2026-07-11 15:00:00,1622.126,,,
2026-07-11 16:00:00,1080.50935,,,
2026-07-11 17:00:00,367.29105,,,
2026-07-11 18:00:00,8.24619,,,
2026-07-11 19:00:00,0.00031000000000000005,,,
2026-07-11 20:00:00,1.8191,,,
2026-07-11 21:00:00,0.44739,,,
2026-07-11 22:00:00,7.000000000000001e-05,,,
2026-07-11 23:00:00,7.000000000000001e-05,,,
2026-07-12 00:00:00,7.000000000000001e-05,,,
2026-07-12 01:00:00,2.9999999999999997e-05,,,
2026-07-12 02:00:00,7.000000000000001e-05,,,
2026-07-12 03:00:00,7.000000000000001e-05,,,
2026-07-12 04:00:00,0.22481,,,
2026-07-12 05:00:00,3.15508,,,
2026-07-12 06:00:00,230.75857000000002,,,
2026-07-12 07:00:00,861.4379,,,
2026-07-12 08:00:00,1404.76396,,,
2026-07-12 09:00:00,1760.26918,,,
2026-07-12 10:00:00,2143.45455,,,
2026-07-12 11:00:00,2048.7431,,,
2026-07-12 12:00:00,2183.77787,,,
2026-07-12 13:00:00,1992.17931,,,
2026-07-12 14:00:00,1589.73899,,,
2026-07-12 15:00:00,1143.26174,,,
2026-07-12 16:00:00,881.9885899999999,,,
2026-07-12 17:00:00,274.05958999999996,,,
2026-07-12 18:00:00,8.473040000000001,,,
2026-07-12 19:00:00,0.40464999999999995,,,
2026-07-12 20:00:00,2.0514,,,
2026-07-12 21:00:00,1.0169,,,
2026-07-12 22:00:00,0.23828,,,
2026-07-12 23:00:00,0.16290000000000002,,,
2026-07-13 00:00:00,0.20455,,,
2026-07-13 01:00:00,0.25394,,,
2026-07-13 02:00:00,0.25698000000000004,,,
2026-07-13 03:00:00,0.25595999999999997,,,
2026-07-13 04:00:00,0.8526,,,
2026-07-13 05:00:00,4.69933,,,
2026-07-13 06:00:00,192.61445999999998,,,
2026-07-13 07:00:00,1002.6196600000001,,,
2026-07-13 08:00:00,1672.32284,,,
2026-07-13 09:00:00,2326.3328500000002,,,
2026-07-13 10:00:00,2669.7138,,,
2026-07-13 11:00:00,2629.0543199999997,,,
2026-07-13 12:00:00,2511.00975,,,
2026-07-13 13:00:00,2495.98896,,,
2026-07-13 14:00:00,2240.1230699999996,,,
2026-07-13 15:00:00,1924.45551,,,
2026-07-13 16:00:00,1573.40921,,,
2026-07-13 17:00:00,529.1624,,,
2026-07-13 18:00:00,14.25465,,,
2026-07-13 19:00:00,0.87209,,,
2026-07-13 20:00:00,3.67753,,,
2026-07-13 21:00:00,2.66737,,,
2026-07-13 22:00:00,0.21822,,,
2026-07-13 23:00:00,0.23317,,,
2026-07-14 00:00:00,0.23088,,,
2026-07-14 01:00:00,0.23092,,,
2026-07-14 02:00:00,0.23403,,,
2026-07-14 03:00:00,0.23475,,,
2026-07-14 04:00:00,0.5447799999999999,,,
2026-07-14 05:00:00,2.3565500000000004,,,
2026-07-14 06:00:00,366.05165999999997,,,
2026-07-14 07:00:00,1433.10147,,,
2026-07-14 08:00:00,2244.61149,,,
2026-07-14 09:00:00,2618.54652,,,
2026-07-14 10:00:00,2710.3156,,,
2026-07-14 11:00:00,2673.92664,,,
2026-07-14 12:00:00,2643.32102,,,
2026-07-14 13:00:00,2410.14925,,,
2026-07-14 14:00:00,2270.1064,,,
2026-07-14 15:00:00,1952.7755900000002,,,
2026-07-14 16:00:00,1387.94128,,,
2026-07-14 17:00:00,451.37987,,,
2026-07-14 18:00:00,23.14959,,,
2026-07-14 19:00:00,3.7170699999999997,,,
2026-07-14 20:00:00,3.81887,,,
2026-07-14 21:00:00,0.6438200000000001,,,
2026-07-14 22:00:00,0.0,,,
2026-07-14 23:00:00,0.0,,,
2026-07-15 00:00:00,0.0,,,
2026-07-15 01:00:00,0.0,,,
2026-07-15 02:00:00,0.0,,,
2026-07-15 03:00:00,0.0,,,
2026-07-15 04:00:00,0.35057,,,
2026-07-15 05:00:00,3.66667,,,
2026-07-15 06:00:00,365.27458,,,
2026-07-15 07:00:00,1376.6533200000001,,,
2026-07-15 08:00:00,2047.99557,,,
2026-07-15 09:00:00,2487.37202,,,
2026-07-15 10:00:00,2754.56875,,,
2026-07-15 11:00:00,2727.93854,,,
2026-07-15 12:00:00,2512.9713199999997,,,
2026-07-15 13:00:00,2306.40853,,,
2026-07-15 14:00:00,2441.53023,,,
2026-07-15 15:00:00,2014.09725,,,
2026-07-15 16:00:00,1444.40174,,,
2026-07-15 17:00:00,460.82406,,,
2026-07-15 18:00:00,9.03093,,,
2026-07-15 19:00:00,2.44788,,,
2026-07-15 20:00:00,3.366,,,
2026-07-15 21:00:00,7.000000000000001e-05,,,
2026-07-15 22:00:00,2.9999999999999997e-05,,,
2026-07-15 23:00:00,7.000000000000001e-05,,,
2026-07-16 00:00:00,2.9999999999999997e-05,,,
2026-07-16 01:00:00,2.9999999999999997e-05,,,
2026-07-16 02:00:00,7.000000000000001e-05,,,
2026-07-16 03:00:00,2.9999999999999997e-05,,,
2026-07-16 04:00:00,0.64255,,,
2026-07-16 05:00:00,3.5295699999999997,,,
2026-07-16 06:00:00,300.91204999999997,,,
2026-07-16 07:00:00,1297.54992,,,
2026-07-16 08:00:00,1985.7430799999997,,,
2026-07-16 09:00:00,2479.33367,,,
2026-07-16 10:00:00,2691.87603,,,
2026-07-16 11:00:00,2676.94123,,,
2026-07-16 12:00:00,2685.2672000000002,,,
2026-07-16 13:00:00,2647.37656,,,
2026-07-16 14:00:00,2481.4712200000004,,,
2026-07-16 15:00:00,2118.59307,,,
2026-07-16 16:00:00,1507.55595,,,
2026-07-16 17:00:00,446.20759999999996,,,
2026-07-16 18:00:00,5.08112,,,
2026-07-16 19:00:00,0.8828599999999999,,,
2026-07-16 20:00:00,3.08602,,,
2026-07-16 21:00:00,0.52637,,,
2026-07-16 22:00:00,0.0,,,
2026-07-16 23:00:00,0.0,,,
2026-07-17 00:00:00,0.019379999999999998,,,
2026-07-17 01:00:00,0.019379999999999998,,,
2026-07-17 02:00:00,0.019379999999999998,,,
2026-07-17 03:00:00,0.020759999999999997,,,
2026-07-17 04:00:00,0.32519,,,
2026-07-17 05:00:00,2.6141900000000002,,,
2026-07-17 06:00:00,355.34944,,,
2026-07-17 07:00:00,1319.09671,,,
2026-07-17 08:00:00,1811.31217,,,
2026-07-17 09:00:00,2241.39553,,,
2026-07-17 10:00:00,2702.07588,,,
2026-07-17 11:00:00,2605.70654,,,
2026-07-17 12:00:00,2597.73608,,,
2026-07-17 13:00:00,2639.2015,,,
2026-07-17 14:00:00,2456.18206,,,
2026-07-17 15:00:00,2196.10482,,,
2026-07-17 16:00:00,1582.32451,,,
2026-07-17 17:00:00,487.74102,,,
2026-07-17 18:00:00,10.011389999999999,,,
2026-07-17 19:00:00,1.94099,,,
2026-07-17 20:00:00,2.9232600000000004,,,
2026-07-17 21:00:00,0.00035,,,
2026-07-17 22:00:00,0.0,,,
2026-07-17 23:00:00,0.00035,,,
2026-07-18 00:00:00,0.00035,,,
2026-07-18 01:00:00,0.0,,,
2026-07-18 02:00:00,0.00035,,,
2026-07-18 03:00:00,0.00035,,,
2026-07-18 04:00:00,0.06422,,,
2026-07-18 05:00:00,2.4124,,,
2026-07-18 06:00:00,304.28027999999995,,,
2026-07-18 07:00:00,1165.59701,,,
2026-07-18 08:00:00,1807.82891,,,
2026-07-18 09:00:00,2348.4396699999998,,,
2026-07-18 10:00:00,2647.50516,,,
2026-07-18 11:00:00,2625.61455,,,
2026-07-18 12:00:00,2593.88545,,,
2026-07-18 13:00:00,2269.44977,,,
2026-07-18 14:00:00,1826.09852,,,
2026-07-18 15:00:00,1609.06793,,,
2026-07-18 16:00:00,1071.90801,,,
2026-07-18 17:00:00,346.15914000000004,,,
2026-07-18 18:00:00,13.097970000000002,,,
2026-07-18 19:00:00,2.35121,,,
2026-07-18 20:00:00,2.94283,,,
2026-07-18 21:00:00,0.00035,,,
2026-07-18 22:00:00,0.0,,,
2026-07-18 23:00:00,0.00035,,,
2026-07-19 00:00:00,0.00038,,,
2026-07-19 01:00:00,0.00019,,,
2026-07-19 02:00:00,0.00054,,,
2026-07-19 03:00:00,0.0005,,,
2026-07-19 04:00:00,0.37546999999999997,,,
2026-07-19 05:00:00,6.95666,,,
2026-07-19 06:00:00,228.82674000000003,,,
2026-07-19 07:00:00,864.7618299999999,,,
2026-07-19 08:00:00,1438.97395,,,
2026-07-19 09:00:00,1536.83675,,,
2026-07-19 10:00:00,1713.48235,,,
2026-07-19 11:00:00,1856.2733600000001,,,
2026-07-19 12:00:00,1936.65246,,,
2026-07-19 13:00:00,1741.8959,,,
2026-07-19 14:00:00,1361.3754000000001,,,
2026-07-19 15:00:00,892.50589,,,
2026-07-19 16:00:00,527.48667,,,
2026-07-19 17:00:00,234.68239,,,
2026-07-19 18:00:00,3.6749099999999997,,,
2026-07-19 19:00:00,0.17615999999999998,,,
2026-07-19 20:00:00,1.2252100000000001,,,
2026-07-19 21:00:00,0.68249,,,
2026-07-19 22:00:00,2.9999999999999997e-05,,,
2026-07-19 23:00:00,7.000000000000001e-05,,,
2026-07-20 00:00:00,7.000000000000001e-05,,,
2026-07-20 01:00:00,2.9999999999999997e-05,,,
2026-07-20 02:00:00,7.000000000000001e-05,,,
2026-07-20 03:00:00,7.000000000000001e-05,,,
2026-07-20 04:00:00,0.6015699999999999,,,
2026-07-20 05:00:00,5.49096,,,
2026-07-20 06:00:00,182.21043,,,
2026-07-20 07:00:00,816.36152,,,
2026-07-20 08:00:00,1468.87725,,,
2026-07-20 09:00:00,1643.73305,,,
2026-07-20 10:00:00,1796.06767,,,
2026-07-20 11:00:00,1837.94265,,,
2026-07-20 12:00:00,1664.42725,,,
2026-07-20 13:00:00,1478.43058,,,
2026-07-20 14:00:00,1376.52288,,,
2026-07-20 15:00:00,880.72026,,,
2026-07-20 16:00:00,416.13065,,,
2026-07-20 17:00:00,96.84926,,,
2026-07-20 18:00:00,3.01527,,,
2026-07-20 19:00:00,2.09999,,,
2026-07-20 20:00:00,1.4375799999999999,,,
2026-07-20 21:00:00,1.05898,,,
2026-07-20 22:00:00,0.1936,,,
2026-07-20 23:00:00,0.00017999999999999998,,,
2026-07-21 00:00:00,2.9999999999999997e-05,,,
2026-07-21 01:00:00,0.00017999999999999998,,,
2026-07-21 02:00:00,2.9999999999999997e-05,,,
2026-07-21 03:00:00,2.9999999999999997e-05,,,
2026-07-21 04:00:00,1.20149,,,
2026-07-21 05:00:00,7.7322299999999995,,,
2026-07-21 06:00:00,178.1113,,,
2026-07-21 07:00:00,777.52634,,,
2026-07-21 08:00:00,1442.03159,,,
2026-07-21 09:00:00,2125.95959,,,
2026-07-21 10:00:00,2444.66431,,,
2026-07-21 11:00:00,2686.87223,,,
2026-07-21 12:00:00,2770.12939,,,
2026-07-21 13:00:00,2771.60881,,,
2026-07-21 14:00:00,2360.72102,,,
2026-07-21 15:00:00,2007.377,,,
2026-07-21 16:00:00,1496.24636,,,
2026-07-21 17:00:00,513.38876,,,
2026-07-21 18:00:00,11.189290000000002,,,
2026-07-21 19:00:00,1.37279,,,
2026-07-21 20:00:00,2.2628600000000003,,,
2026-07-21 21:00:00,0.5971900000000001,,,
2026-07-21 22:00:00,1.06348,,,
2026-07-21 23:00:00,0.6438100000000001,,,
2026-07-22 00:00:00,0.0,,,
2026-07-22 01:00:00,0.0,,,
2026-07-22 02:00:00,0.0,,,
2026-07-22 03:00:00,0.19462000000000002,,,
2026-07-22 04:00:00,0.69731,,,
2026-07-22 05:00:00,6.96329,,,
2026-07-22 06:00:00,363.71794,,,
2026-07-22 07:00:00,1274.2015900000001,,,
2026-07-22 08:00:00,1850.64252,,,
2026-07-22 09:00:00,2316.26112,,,
2026-07-22 10:00:00,2545.35533,,,
2026-07-22 11:00:00,2593.48137,,,
2026-07-22 12:00:00,2583.9493700000003,,,
2026-07-22 13:00:00,2405.90502,,,
2026-07-22 14:00:00,2146.44233,,,
2026-07-22 15:00:00,1881.85987,,,
2026-07-22 16:00:00,1184.25891,,,
2026-07-22 17:00:00,269.62381,,,
2026-07-22 18:00:00,9.51883,,,
2026-07-22 19:00:00,1.3641800000000002,,,
2026-07-22 20:00:00,2.5728400000000002,,,
2026-07-22 21:00:00,0.0,,,
2026-07-22 22:00:00,0.0,,,
2026-07-22 23:00:00,0.0,,,
2026-07-23 00:00:00,0.0,,,
2026-07-23 01:00:00,0.0,,,
2026-07-23 02:00:00,0.0,,,
2026-07-23 03:00:00,0.00015,,,
2026-07-23 04:00:00,0.4136,,,
2026-07-23 05:00:00,3.01116,,,
2026-07-23 06:00:00,141.49410999999998,,,
2026-07-23 07:00:00,656.56206,,,
2026-07-23 08:00:00,1145.8528000000001,,,
2026-07-23 09:00:00,1558.1566699999998,,,
2026-07-23 10:00:00,1916.60843,,,
2026-07-23 11:00:00,1922.02301,,,
2026-07-23 12:00:00,2100.8657599999997,,,
2026-07-23 13:00:00,1988.78259,,,
2026-07-23 14:00:00,1538.54079,,,
2026-07-23 15:00:00,896.1029400000001,,,
2026-07-23 16:00:00,388.83858000000004,,,
2026-07-23 17:00:00,102.62219999999999,,,
2026-07-23 18:00:00,1.60381,,,
2026-07-23 19:00:00,0.19598,,,
2026-07-23 20:00:00,2.0207,,,
2026-07-23 21:00:00,1.4318199999999999,,,
2026-07-23 22:00:00,1.05806,,,
2026-07-23 23:00:00,0.40793,,,
2026-07-24 00:00:00,0.0001,,,
2026-07-24 01:00:00,2.9999999999999997e-05,,,
2026-07-24 02:00:00,2.9999999999999997e-05,,,
2026-07-24 03:00:00,7.000000000000001e-05,,,
2026-07-24 04:00:00,0.72989,,,
2026-07-24 05:00:00,7.885809999999999,,,
2026-07-24 06:00:00,231.55137,,,
2026-07-24 07:00:00,800.07311,,,
2026-07-24 08:00:00,1580.78888,,,
2026-07-24 09:00:00,2234.0077,,,
2026-07-24 10:00:00,2583.29409,,,
2026-07-24 11:00:00,2673.70655,,,
2026-07-24 12:00:00,2728.49208,,,
2026-07-24 13:00:00,2784.95987,,,
2026-07-24 14:00:00,2524.46115,,,
2026-07-24 15:00:00,1885.70008,,,
2026-07-24 16:00:00,1154.80963,,,
2026-07-24 17:00:00,353.00622999999996,,,
2026-07-24 18:00:00,5.87659,,,
2026-07-24 19:00:00,1.5681500000000002,,,
2026-07-24 20:00:00,2.9710600000000005,,,
2026-07-24 21:00:00,0.54799,,,
2026-07-24 22:00:00,2.9999999999999997e-05,,,
2026-07-24 23:00:00,7.000000000000001e-05,,,
2026-07-25 00:00:00,2.9999999999999997e-05,,,
2026-07-25 01:00:00,7.000000000000001e-05,,,
2026-07-25 02:00:00,7.000000000000001e-05,,,
2026-07-25 03:00:00,0.012410000000000001,,,
2026-07-25 04:00:00,0.29243,,,
2026-07-25 05:00:00,5.11816,,,
2026-07-25 06:00:00,341.20497,,,
2026-07-25 07:00:00,1132.8616100000002,,,
2026-07-25 08:00:00,1837.98102,,,
2026-07-25 09:00:00,2474.4498399999998,,,
2026-07-25 10:00:00,2781.84214,,,
2026-07-25 11:00:00,2759.04449,,,
2026-07-25 12:00:00,2615.6435699999997,,,
2026-07-25 13:00:00,2468.1898300000003,,,
2026-07-25 14:00:00,2560.78639,,,
2026-07-25 15:00:00,2097.0495300000002,,,
2026-07-25 16:00:00,1294.73753,,,
2026-07-25 17:00:00,443.50347999999997,,,
2026-07-25 18:00:00,18.59306,,,
2026-07-25 19:00:00,2.3392,,,
2026-07-25 20:00:00,2.9101600000000003,,,
2026-07-25 21:00:00,7.000000000000001e-05,,,
2026-07-25 22:00:00,2.9999999999999997e-05,,,
2026-07-25 23:00:00,7.000000000000001e-05,,,
2026-07-26 00:00:00,2.9999999999999997e-05,,,
2026-07-26 01:00:00,7.000000000000001e-05,,,
2026-07-26 02:00:00,2.9999999999999997e-05,,,
2026-07-26 03:00:00,7.000000000000001e-05,,,
2026-07-26 04:00:00,0.39994999999999997,,,
2026-07-26 05:00:00,1.95413,,,
2026-07-26 06:00:00,168.439,,,
2026-07-26 07:00:00,946.85695,,,
2026-07-26 08:00:00,1570.5729199999998,,,
2026-07-26 09:00:00,1931.9248799999998,,,
2026-07-26 10:00:00,2328.12544,,,
2026-07-26 11:00:00,2544.98837,,,
2026-07-26 12:00:00,2430.89002,,,
2026-07-26 13:00:00,2262.8468700000003,,,
2026-07-26 14:00:00,1942.19123,,,
2026-07-26 15:00:00,1470.14776,,,
2026-07-26 16:00:00,915.3040699999999,,,
2026-07-26 17:00:00,259.65875,,,
2026-07-26 18:00:00,9.68314,,,
2026-07-26 19:00:00,0.64578,,,
2026-07-26 20:00:00,2.13624,,,
2026-07-26 21:00:00,1.67385,,,
2026-07-26 22:00:00,1.17443,,,
2026-07-26 23:00:00,0.35281999999999997,,,
2026-07-27 00:00:00,0.2439,,,
2026-07-27 01:00:00,0.24458000000000002,,,
2026-07-27 02:00:00,0.2439,,,
2026-07-27 03:00:00,0.24231999999999998,,,
2026-07-27 04:00:00,1.23559,,,
2026-07-27 05:00:00,8.18022,,,
2026-07-27 06:00:00,164.39254,,,
2026-07-27 07:00:00,879.34548,,,
2026-07-27 08:00:00,1582.82414,,,
2026-07-27 09:00:00,2110.58461,,,
2026-07-27 10:00:00,2552.53321,,,
2026-07-27 11:00:00,2540.7238700000003,,,
2026-07-27 12:00:00,2594.3798199999997,,,
2026-07-27 13:00:00,2454.67254,,,
2026-07-27 14:00:00,2130.56839,,,
2026-07-27 15:00:00,1846.97248,,,
2026-07-27 16:00:00,1368.43803,,,
2026-07-27 17:00:00,396.78641,,,
2026-07-27 18:00:00,3.94456,,,
2026-07-27 19:00:00,0.9432999999999999,,,
2026-07-27 20:00:00,2.39742,,,
2026-07-27 21:00:00,0.24545999999999998,,,
2026-07-27 22:00:00,0.02729,,,
2026-07-27 23:00:00,0.05407,,,
2026-07-28 00:00:00,0.09453,,,
2026-07-28 01:00:00,0.045520000000000005,,,
2026-07-28 02:00:00,0.06285,,,
2026-07-28 03:00:00,0.20842,,,
2026-07-28 04:00:00,0.7485700000000001,,,
2026-07-28 05:00:00,6.1569,,,
2026-07-28 06:00:00,389.65072,,,
2026-07-28 07:00:00,1291.55197,,,
2026-07-28 08:00:00,2221.91761,,,
2026-07-28 09:00:00,2472.69132,,,
2026-07-28 10:00:00,2634.5335299999997,,,
2026-07-28 11:00:00,2856.8729700000004,,,
2026-07-28 12:00:00,2857.00998,,,
2026-07-28 13:00:00,2770.9963700000003,,,
2026-07-28 14:00:00,2660.7818199999997,,,
2026-07-28 15:00:00,2210.68591,,,
2026-07-28 16:00:00,1589.27258,,,
2026-07-28 17:00:00,507.53478,,,
2026-07-28 18:00:00,12.862110000000001,124.25,56.75,30.025
2026-07-28 19:00:00,2.69108,4.0,65.5,28.2
2026-07-28 20:00:00,3.67647,0.0,45.75,27.15
2026-07-28 21:00:00,0.28565999999999997,0.0,55.5,26.75
2026-07-28 22:00:00,0.08128999999999999,0.0,55.25,26.15
2026-07-28 23:00:00,0.06082,0.0,57.25,25.425
2026-07-29 00:00:00,0.06872,0.0,83.25,24.925
2026-07-29 01:00:00,0.036289999999999996,0.0,67.0,24.7
2026-07-29 02:00:00,0.052270000000000004,0.0,52.5,24.4
2026-07-29 03:00:00,0.0956,0.0,65.5,24.125
2026-07-29 04:00:00,0.70673,0.0,85.5,23.95
2026-07-29 05:00:00,4.30546,0.0,100.0,23.7
2026-07-29 06:00:00,289.70676000000003,0.75,76.75,23.55
2026-07-29 07:00:00,1292.1752099999999,85.25,65.75,25.325000000000003
2026-07-29 08:00:00,1968.8858300000002,305.25,65.25,27.5
2026-07-29 09:00:00,2352.7336299999997,541.0,54.75,29.8
2026-07-29 10:00:00,2621.5059899999997,727.25,68.75,32.1
2026-07-29 11:00:00,2758.83465,826.5,62.5,34.0
2026-07-29 12:00:00,2633.17212,847.25,98.5,35.2
2026-07-29 13:00:00,2554.20227,925.75,80.75,36.55
2026-07-29 14:00:00,2369.2360400000002,847.5,89.0,37.325
2026-07-29 15:00:00,1926.49182,759.75,73.0,37.225
2026-07-29 16:00:00,1375.62176,497.25,92.25,35.9
2026-07-29 17:00:00,456.76666000000006,326.25,67.0,35.2
2026-07-29 18:00:00,8.06083,85.75,95.25,32.55
2026-07-29 19:00:00,0.0602,4.25,80.5,31.275
2026-07-29 20:00:00,1.92405,0.0,78.0,30.225
2026-07-29 21:00:00,3.14927,0.0,68.25,29.3
2026-07-29 22:00:00,0.5736,0.0,67.75,28.55
2026-07-29 23:00:00,0.06939999999999999,0.0,51.5,28.175
2026-07-30 00:00:00,0.08678,0.0,41.0,27.825
2026-07-30 01:00:00,0.057050000000000003,0.0,31.0,27.725
2026-07-30 02:00:00,0.08582,0.0,32.25,27.4
2026-07-30 03:00:00,0.0413,0.0,22.25,26.975
2026-07-30 04:00:00,0.70585,0.0,15.5,26.75
2026-07-30 05:00:00,9.44837,0.0,23.0,26.575
2026-07-30 06:00:00,364.80555,0.75,34.5,26.5
2026-07-30 07:00:00,1445.38575,86.25,31.25,27.725
2026-07-30 08:00:00,2295.84962,290.25,21.5,29.8
2026-07-30 09:00:00,2657.75839,513.5,12.75,31.625
2026-07-30 10:00:00,2816.4905299999996,710.25,14.0,33.1
2026-07-30 11:00:00,2918.3734,842.5,13.0,34.425
2026-07-30 12:00:00,2797.6167,911.25,27.5,35.55
2026-07-30 13:00:00,2682.22215,875.25,34.0,35.75
2026-07-30 14:00:00,2479.3020100000003,808.5,58.25,35.475
2026-07-30 15:00:00,2106.3737,651.5,52.25,35.325
2026-07-30 16:00:00,1315.2008700000001,525.0,43.75,35.375
2026-07-30 17:00:00,422.0021,316.5,53.0,34.675
2026-07-30 18:00:00,9.264280000000001,113.5,61.25,32.975
2026-07-30 19:00:00,0.7352299999999999,4.0,51.5,32.1
2026-07-30 20:00:00,2.04803,0.0,60.25,30.975
2026-07-30 21:00:00,3.7075,0.0,52.25,29.975
2026-07-30 22:00:00,1.14259,0.0,54.5,29.1
2026-07-30 23:00:00,0.00025,0.0,57.25,28.725
2026-07-31 00:00:00,0.00022,0.0,52.0,28.375
2026-07-31 01:00:00,0.00029000000000000006,0.0,50.0,28.8
2026-07-31 02:00:00,0.00032,0.0,56.5,27.924999999999997
2026-07-31 03:00:00,0.00035,0.0,46.75,27.55
2026-07-31 04:00:00,0.31575,0.0,55.75,27.175
2026-07-31 05:00:00,7.58871,0.0,62.5,26.95
2026-07-31 06:00:00,335.29267,0.75,54.25,26.725
2026-07-31 07:00:00,1492.77879,83.0,60.25,27.575
2026-07-31 08:00:00,2264.9397000000004,266.0,66.0,29.175
2026-07-31 09:00:00,2589.3662000000004,477.0,71.75,30.9
2026-07-31 10:00:00,2789.1731099999997,663.5,84.25,32.449999999999996
2026-07-31 11:00:00,2877.74487,806.25,86.5,34.2
2026-07-31 12:00:00,2825.26257,864.25,90.5,35.225
2026-07-31 13:00:00,2686.62709,899.25,92.5,35.65
2026-07-31 14:00:00,2348.30579,779.75,82.75,35.175
2026-07-31 15:00:00,1891.03025,620.0,82.75,34.675
2026-07-31 16:00:00,1240.90175,456.75,82.0,34.55
2026-07-31 17:00:00,416.01081,283.25,74.5,33.375
2026-07-31 18:00:00,15.081389999999999,99.75,80.0,32.3
2026-07-31 19:00:00,0.0135,3.75,88.5,31.25
2026-07-31 20:00:00,2.82956,0.0,80.75,30.425
2026-07-31 21:00:00,2.13699,0.0,74.5,29.525
2026-07-31 22:00:00,0.35278000000000004,0.0,76.0,28.675
2026-07-31 23:00:00,0.0828,0.0,58.25,28.175
2026-08-01 00:00:00,0.0,0.0,66.75,27.950000000000003
2026-08-01 01:00:00,0.0,0.0,71.0,27.675
2026-08-01 02:00:00,0.0,0.0,46.75,27.425
2026-08-01 03:00:00,0.0,0.0,30.75,27.225
2026-08-01 04:00:00,0.79437,0.0,38.25,27.075
2026-08-01 05:00:00,6.411230000000001,0.0,23.5,27.0
2026-08-01 06:00:00,299.31052,0.75,29.25,26.825000000000003
2026-08-01 07:00:00,1340.09583,87.0,48.25,28.075
2026-08-01 08:00:00,2274.51354,288.25,65.25,29.900000000000002
2026-08-01 09:00:00,2701.7653,512.0,58.25,31.9
2026-08-01 10:00:00,2884.64817,666.0,73.5,33.375
2026-08-01 11:00:00,2926.13946,795.25,67.0,34.725
2026-08-01 12:00:00,2726.50718,884.0,54.75,35.849999999999994
2026-08-01 13:00:00,2421.05641,896.5,67.5,36.95
2026-08-01 14:00:00,2056.03952,799.75,64.0,36.8
2026-08-01 15:00:00,1716.87173,646.0,64.25,36.6
2026-08-01 16:00:00,1275.37309,493.75,68.25,35.775
2026-08-01 17:00:00,459.10417,290.75,65.0,34.65
2026-08-01 18:00:00,10.59826,108.5,54.25,33.025
2026-08-01 19:00:00,1.32925,3.75,89.25,31.075
2026-08-01 20:00:00,2.98792,0.0,93.0,30.05
2026-08-01 21:00:00,0.26446,0.0,91.75,29.4
2026-08-01 22:00:00,0.0005,0.0,86.0,29.2
2026-08-01 23:00:00,0.08295,0.0,71.0,29.0
2026-08-02 00:00:00,0.0005,0.0,68.5,28.675
2026-08-02 01:00:00,0.0005,0.0,91.25,28.575
2026-08-02 02:00:00,0.00014000000000000001,0.0,90.75,28.075
2026-08-02 03:00:00,0.00049,0.0,95.25,27.65
2026-08-02 04:00:00,0.8465900000000001,0.0,95.25,27.425
2026-08-02 05:00:00,9.5946,0.0,92.75,27.25
2026-08-02 06:00:00,321.14592,0.75,90.75,26.925
2026-08-02 07:00:00,1322.4213200000002,80.0,90.5,28.1
2026-08-02 08:00:00,2199.2667399999996,264.25,94.25,29.875
2026-08-02 09:00:00,2620.82837,478.5,77.0,31.775
2026-08-02 10:00:00,2805.79566,674.75,74.5,33.45
2026-08-02 11:00:00,2906.4306800000004,818.25,77.25,34.9
2026-08-02 12:00:00,2910.5955400000003,840.25,79.25,35.8
2026-08-02 13:00:00,2700.38133,814.75,79.25,36.475
2026-08-02 14:00:00,2516.77969,765.25,90.0,36.4
2026-08-02 15:00:00,2218.62607,649.75,93.75,36.375
2026-08-02 16:00:00,1424.82079,472.25,97.0,36.0
2026-08-02 17:00:00,395.31626,250.25,96.0,35.175
2026-08-02 18:00:00,5.4062600000000005,97.25,95.0,33.625
2026-08-02 19:00:00,1.6844700000000001,3.5,97.75,32.4
2026-08-02 20:00:00,2.82309,0.0,93.25,31.55
2026-08-02 21:00:00,2.9999999999999997e-05,0.0,96.5,30.7
2026-08-02 22:00:00,2.9999999999999997e-05,0.0,95.0,29.975
2026-08-02 23:00:00,0.08294,0.0,92.25,29.575
2026-08-03 00:00:00,7.000000000000001e-05,0.0,87.25,29.2
2026-08-03 01:00:00,2.9999999999999997e-05,0.0,95.75,29.075
2026-08-03 02:00:00,0.00025,0.0,95.5,28.35
2026-08-03 03:00:00,0.00017999999999999998,0.0,88.0,27.8
2026-08-03 04:00:00,0.55962,0.0,87.75,27.375
2026-08-03 05:00:00,2.33917,0.0,89.75,27.075
2026-08-03 06:00:00,291.36389,0.5,83.5,26.775
2026-08-03 07:00:00,1209.13672,76.0,87.0,28.6
2026-08-03 08:00:00,1947.00614,250.25,95.25,30.3
2026-08-03 09:00:00,2296.6462800000004,449.75,97.25,31.225
2026-08-03 10:00:00,2464.05989,566.0,97.25,32.6
2026-08-03 11:00:00,2421.90898,746.25,95.25,34.275
2026-08-03 12:00:00,2178.2746899999997,758.0,98.5,34.025
2026-08-03 13:00:00,1779.86102,669.0,95.25,35.45
2026-08-03 14:00:00,1395.56528,721.25,95.5,35.05
2026-08-03 15:00:00,932.2868000000001,535.5,90.0,35.0
2026-08-03 16:00:00,863.7657399999999,458.25,83.5,34.65
2026-08-03 17:00:00,274.36106,261.5,86.5,33.975
2026-08-03 18:00:00,5.4391300000000005,75.75,91.75,32.35
2026-08-03 19:00:00,1.18221,2.75,97.25,32.075
2026-08-03 20:00:00,3.06037,0.0,99.25,31.25
2026-08-03 21:00:00,0.24236000000000002,0.0,89.5,30.775
2026-08-03 22:00:00,0.0,0.0,82.25,30.075
2026-08-03 23:00:00,0.0828,0.0,81.25,29.375
2026-08-04 00:00:00,0.0,0.0,67.25,28.675
2026-08-04 01:00:00,0.0,0.0,90.5,28.625
2026-08-04 02:00:00,0.0,0.0,89.75,28.25
2026-08-04 03:00:00,0.0,0.0,64.75,27.575
2026-08-04 04:00:00,0.6111899999999999,0.0,50.25,27.075
2026-08-04 05:00:00,7.42001,0.0,69.0,26.625
2026-08-04 06:00:00,259.71191,0.75,53.75,26.275
2026-08-04 07:00:00,1344.10975,81.0,80.75,27.675
2026-08-04 08:00:00,2155.65895,259.5,72.75,29.075
2026-08-04 09:00:00,2506.37652,453.0,72.75,30.875
2026-08-04 10:00:00,2602.17103,576.0,71.75,32.300000000000004
2026-08-04 11:00:00,2593.37881,717.75,71.25,33.65
2026-08-04 12:00:00,2526.4009300000002,822.0,83.5,34.45
2026-08-04 13:00:00,2310.7793300000003,826.5,89.25,33.475
2026-08-04 14:00:00,1720.25474,685.25,82.5,33.7
2026-08-04 15:00:00,1126.24255,640.0,82.0,34.25
2026-08-04 16:00:00,696.38461,487.0,86.75,33.325
2026-08-04 17:00:00,187.68126999999998,279.5,85.25,32.725
2026-08-04 18:00:00,4.90118,95.75,79.25,31.650000000000002
2026-08-04 19:00:00,1.59346,3.0,98.25,30.674999999999997
2026-08-04 20:00:00,2.85126,0.0,95.75,30.075
2026-08-04 21:00:00,0.015210000000000001,0.0,92.25,29.5
2026-08-04 22:00:00,0.01438,0.0,97.0,29.2
2026-08-04 23:00:00,0.0963,0.0,98.25,28.525
2026-08-05 00:00:00,0.01275,0.0,98.75,28.125
2026-08-05 01:00:00,0.011519999999999999,0.0,99.75,28.05
2026-08-05 02:00:00,0.009859999999999999,0.0,99.75,27.475
2026-08-05 03:00:00,0.00956,0.0,99.75,27.0
2026-08-05 04:00:00,0.08748,0.0,96.75,26.7
2026-08-05 05:00:00,2.05777,0.0,93.5,26.0
2026-08-05 06:00:00,165.03603,0.5,97.0,25.625
2026-08-05 07:00:00,809.56975,61.25,91.75,26.025
2026-08-05 08:00:00,1371.8248600000002,219.25,91.75,27.3
2026-08-05 09:00:00,1926.9863799999998,399.5,94.75,29.05
2026-08-05 10:00:00,2311.3507200000004,560.0,89.25,30.7
2026-08-05 11:00:00,2169.59456,686.5,90.25,32.2
2026-08-05 12:00:00,2253.6863900000003,782.25,85.25,33.275
2026-08-05 13:00:00,2143.29985,776.0,98.5,34.1
2026-08-05 14:00:00,2180.87989,665.25,97.5,34.0
2026-08-05 15:00:00,1684.68772,446.0,90.75,33.55
2026-08-05 16:00:00,1162.6483400000002,388.75,94.0,33.55
2026-08-05 17:00:00,315.13721999999996,239.5,80.75,33.0
2026-08-05 18:00:00,4.15032,77.0,88.75,31.525000000000002
2026-08-05 19:00:00,0.19218000000000002,2.25,80.0,31.075
2026-08-05 20:00:00,2.26908,0.0,79.5,29.9
2026-08-05 21:00:00,1.24444,0.0,67.75,29.075
2026-08-05 22:00:00,0.01293,0.0,82.0,28.575
2026-08-05 23:00:00,0.09404,0.0,96.75,28.35
2026-08-06 00:00:00,0.00729,0.0,95.75,28.05
2026-08-06 01:00:00,0.00347,0.0,98.5,27.55
2026-08-06 02:00:00,0.00074,0.0,90.0,27.225
2026-08-06 03:00:00,0.0,0.0,97.0,26.675
2026-08-06 04:00:00,0.42965,0.0,98.25,26.7
2026-08-06 05:00:00,4.64882,0.0,98.5,26.3
2026-08-06 06:00:00,193.45517,0.25,95.25,26.049999999999997
2026-08-06 07:00:00,805.43431,56.75,74.0,26.7
2026-08-06 08:00:00,1242.17824,229.0,78.0,28.075
2026-08-06 09:00:00,1798.01875,377.0,79.0,29.424999999999997
2026-08-06 10:00:00,2086.49309,456.0,78.25,30.35
2026-08-06 11:00:00,2150.12025,547.25,81.75,31.35
2026-08-06 12:00:00,2093.74936,598.5,81.0,32.175
2026-08-06 13:00:00,1764.52756,674.25,81.5,32.575
2026-08-06 14:00:00,1408.04966,572.5,84.5,32.65
2026-08-06 15:00:00,1067.80963,511.0,84.5,32.875
2026-08-06 16:00:00,547.8367900000001,384.0,89.0,32.6
2026-08-06 17:00:00,168.09056,234.75,96.0,32.125
2026-08-06 18:00:00,1.15329,85.5,92.5,30.525
2026-08-06 19:00:00,0.0,2.25,90.25,30.125
2026-08-06 20:00:00,2.60369,0.0,80.25,29.0
2026-08-06 21:00:00,0.84745,0.0,53.0,28.525
2026-08-06 22:00:00,0.00234,0.0,72.75,28.075
2026-08-06 23:00:00,0.0828,0.0,78.0,27.25
2026-08-07 00:00:00,0.0003,0.0,63.5,26.9
2026-08-07 01:00:00,0.0,0.0,71.5,26.825
2026-08-07 02:00:00,0.0003,0.0,62.75,26.6
2026-08-07 03:00:00,0.0003,0.0,49.0,26.475
2026-08-07 04:00:00,0.07776999999999999,0.0,51.25,26.275
2026-08-07 05:00:00,3.3688000000000002,0.0,41.75,25.975
2026-08-07 06:00:00,194.07878,0.25,29.0,25.75
2026-08-07 07:00:00,879.439,81.0,34.75,27.1
2026-08-07 08:00:00,1557.65122,285.5,32.75,28.674999999999997
2026-08-07 09:00:00,2091.0486499999997,509.25,30.75,30.65
2026-08-07 10:00:00,2148.07027,693.0,46.75,32.2
2026-08-07 11:00:00,2224.27105,833.75,46.75,33.35
2026-08-07 12:00:00,2458.62182,904.25,41.25,34.7
2026-08-07 13:00:00,2546.20204,882.0,45.0,35.625
2026-08-07 14:00:00,2460.77304,820.0,59.0,35.475
2026-08-07 15:00:00,2130.72062,693.0,57.5,35.55
2026-08-07 16:00:00,1534.24286,506.75,74.5,35.35
2026-08-07 17:00:00,447.87966,303.75,73.0,34.1
2026-08-07 18:00:00,6.441,108.0,91.75,32.175
2026-08-07 19:00:00,1.74841,3.0,81.75,31.2
2026-08-07 20:00:00,2.86943,0.0,77.25,30.125
2026-08-07 21:00:00,0.00215,0.0,69.75,29.375
2026-08-07 22:00:00,0.0018,0.0,57.5,28.825
2026-08-07 23:00:00,0.08495,0.0,85.5,28.6
2026-08-08 00:00:00,0.00216,0.0,73.75,28.15
2026-08-08 01:00:00,0.00216,0.0,78.75,28.025
2026-08-08 02:00:00,0.0018,0.0,86.0,27.45
2026-08-08 03:00:00,0.00215,0.0,82.0,27.1
2026-08-08 04:00:00,0.00435,0.0,62.5,26.575
2026-08-08 05:00:00,3.1476100000000002,0.0,50.5,26.15
2026-08-08 06:00:00,262.6735,0.5,45.0,25.9
2026-08-08 07:00:00,1208.4692,88.0,46.25,27.425
2026-08-08 08:00:00,2219.25873,280.5,43.25,29.3
2026-08-08 09:00:00,2707.63826,488.75,46.25,31.424999999999997
2026-08-08 10:00:00,2941.58516,716.0,45.0,33.45
2026-08-08 11:00:00,2967.3349399999997,869.5,36.0,34.9
2026-08-08 12:00:00,2907.12734,951.5,40.0,36.025
2026-08-08 13:00:00,2723.79027,929.0,53.75,36.7
2026-08-08 14:00:00,2641.94109,867.0,44.0,36.7
2026-08-08 15:00:00,2204.25132,719.0,38.75,37.175
2026-08-08 16:00:00,1525.50978,527.5,50.0,36.85
2026-08-08 17:00:00,438.00133,313.5,47.5,34.925
2026-08-08 18:00:00,6.646,106.0,51.0,32.925
2026-08-08 19:00:00,1.38853,2.75,40.5,31.675
2026-08-08 20:00:00,2.8846700000000003,0.0,60.25,30.725
2026-08-08 21:00:00,0.0,0.0,71.0,29.75
2026-08-08 22:00:00,0.0,0.0,83.5,29.075
2026-08-08 23:00:00,0.0828,0.0,84.0,28.55
2026-08-09 00:00:00,0.0,0.0,82.0,28.125
2026-08-09 01:00:00,0.0,0.0,66.0,28.075
2026-08-09 02:00:00,0.00023,0.0,81.5,27.549999999999997
2026-08-09 03:00:00,0.0,0.0,54.0,27.3
2026-08-09 04:00:00,0.96381,0.0,56.75,26.875
2026-08-09 05:00:00,10.35421,0.0,51.5,26.6
2026-08-09 06:00:00,389.50435,0.5,38.25,26.375
2026-08-09 07:00:00,1451.91978,81.75,66.5,27.925
2026-08-09 08:00:00,2384.30935,254.0,58.25,29.675
2026-08-09 09:00:00,2784.71177,496.0,48.75,31.724999999999998
2026-08-09 10:00:00,2969.45736,706.5,48.5,33.6
2026-08-09 11:00:00,2915.23494,850.0,59.0,34.975
2026-08-09 12:00:00,2678.12102,907.0,73.5,35.975
2026-08-09 13:00:00,2595.38811,868.0,83.75,36.625
2026-08-09 14:00:00,2561.39402,777.75,80.75,35.975
2026-08-09 15:00:00,2216.98906,617.5,76.0,36.025
2026-08-09 16:00:00,1342.28948,451.75,69.25,33.025
2026-08-09 17:00:00,386.55737,239.25,73.5,32.625
2026-08-09 18:00:00,8.803889999999999,89.75,82.75,31.849999999999998
2026-08-09 19:00:00,1.2877100000000001,2.5,78.25,31.1
2026-08-09 20:00:00,2.97548,0.0,71.5,29.8
2026-08-09 21:00:00,0.0,0.0,75.5,29.025
2026-08-09 22:00:00,0.0,0.0,62.0,28.975
2026-08-09 23:00:00,0.0828,0.0,75.25,28.8
2026-08-10 00:00:00,0.0,0.0,75.0,28.45
2026-08-10 01:00:00,0.0,0.0,72.0,28.45
2026-08-10 02:00:00,0.0,0.0,72.25,28.275
2026-08-10 03:00:00,0.0,0.0,68.0,27.825
2026-08-10 04:00:00,0.32302,0.0,54.5,27.5
2026-08-10 05:00:00,6.757070000000001,0.0,52.25,27.25
2026-08-10 06:00:00,412.00766999999996,0.5,35.5,26.900000000000002
2026-08-10 07:00:00,1653.13252,85.25,55.0,27.925
2026-08-10 08:00:00,2418.3837000000003,293.75,58.0,30.0
2026-08-10 09:00:00,2787.01552,529.75,28.5,32.5
2026-08-10 10:00:00,2929.69901,724.25,26.75,34.35
2026-08-10 11:00:00,2974.90635,870.75,30.0,36.1
2026-08-10 12:00:00,2946.41336,932.5,53.75,37.650000000000006
2026-08-10 13:00:00,2844.4079500000003,948.5,53.0,39.0
2026-08-10 14:00:00,2704.14506,874.75,64.25,38.975
2026-08-10 15:00:00,2394.82671,732.5,80.5,37.85
2026-08-10 16:00:00,1585.9656699999998,526.75,84.0,36.775
2026-08-10 17:00:00,450.2087,309.0,65.5,35.35
2026-08-10 18:00:00,7.61112,109.5,53.25,33.824999999999996
2026-08-10 19:00:00,0.0036599999999999996,2.5,66.25,33.125
2026-08-10 20:00:00,0.0,0.0,69.25,32.025
2026-08-10 21:00:00,0.06229,0.0,66.25,31.05
2026-08-10 22:00:00,2.98876,0.0,48.25,30.25
2026-08-10 23:00:00,2.45215,0.0,38.75,29.525
2026-08-11 00:00:00,0.0,0.0,15.25,28.925
2026-08-11 01:00:00,0.0,0.0,19.75,28.65
2026-08-11 02:00:00,0.0006,0.0,43.5,28.125
2026-08-11 03:00:00,0.0006,0.0,53.0,27.775
2026-08-11 04:00:00,0.5797599999999999,0.0,56.0,27.625
2026-08-11 05:00:00,5.316229999999999,0.0,67.5,27.5
2026-08-11 06:00:00,336.24533,0.5,74.0,27.225
2026-08-11 07:00:00,1388.6455,84.0,76.5,29.05
2026-08-11 08:00:00,2116.31018,291.5,74.5,31.325
2026-08-11 09:00:00,2512.64514,497.5,63.0,33.25
2026-08-11 10:00:00,2756.62048,710.0,57.25,35.1
2026-08-11 11:00:00,2780.0270699999996,855.25,57.5,36.625
2026-08-11 12:00:00,2848.2120800000002,916.75,35.25,37.85
2026-08-11 13:00:00,2821.71226,924.25,28.0,38.575
2026-08-11 14:00:00,2608.4324100000003,880.75,44.75,38.375
2026-08-11 15:00:00,2139.5485400000002,720.0,49.0,38.3
2026-08-11 16:00:00,1374.40165,540.0,51.25,37.15
2026-08-11 17:00:00,413.29383,325.0,61.5,36.0
2026-08-11 18:00:00,5.78359,109.5,82.5,34.1
2026-08-11 19:00:00,1.26192,2.5,64.75,32.8
2026-08-11 20:00:00,2.00822,0.0,66.5,31.65
2026-08-11 21:00:00,0.6625700000000001,0.0,72.0,30.925
2026-08-11 22:00:00,0.69969,0.0,77.0,30.225
2026-08-11 23:00:00,0.0828,0.0,74.75,29.55
2026-08-12 00:00:00,0.0,0.0,64.75,29.049999999999997
2026-08-12 01:00:00,0.0,0.0,69.75,28.95
2026-08-12 02:00:00,0.0,0.0,78.5,28.7
2026-08-12 03:00:00,0.0,0.0,84.25,28.25
2026-08-12 04:00:00,0.52352,0.0,90.0,27.875
2026-08-12 05:00:00,8.70807,0.0,92.0,27.625
2026-08-12 06:00:00,370.19119,0.5,97.0,27.5
2026-08-12 07:00:00,1557.7176200000001,77.75,81.5,28.8
2026-08-12 08:00:00,2166.85788,296.75,92.5,30.925
2026-08-12 09:00:00,2514.81582,507.75,92.5,32.975
2026-08-12 10:00:00,2832.7869100000003,671.5,84.25,34.65
2026-08-12 11:00:00,2932.43061,832.75,83.75,36.025
2026-08-12 12:00:00,2858.00101,892.25,88.0,37.05
2026-08-12 13:00:00,2729.42808,886.25,79.5,38.025
2026-08-12 14:00:00,2365.5682599999996,855.75,69.0,38.1
2026-08-12 15:00:00,2032.8247900000001,709.25,74.5,38.25
2026-08-12 16:00:00,1382.20649,509.0,84.0,36.85
2026-08-12 17:00:00,375.95808999999997,298.25,81.5,35.85
2026-08-12 18:00:00,6.53866,99.0,74.75,34.15
2026-08-12 19:00:00,0.0027699999999999995,2.25,54.5,32.075
2026-08-12 20:00:00,0.0,0.0,71.75,30.700000000000003
2026-08-12 21:00:00,0.0,0.0,75.25,30.425
2026-08-12 22:00:00,0.0,0.0,86.25,30.05
2026-08-12 23:00:00,0.0828,0.0,81.25,29.775
2026-08-13 00:00:00,0.0,0.0,83.75,29.375
2026-08-13 01:00:00,0.0,0.0,72.75,29.375
2026-08-13 02:00:00,0.0,0.0,83.75,28.925
2026-08-13 03:00:00,0.0,0.0,71.75,28.625
2026-08-13 04:00:00,0.99752,0.0,48.25,28.225
2026-08-13 05:00:00,9.64639,0.0,62.0,27.9
2026-08-13 06:00:00,273.66091,0.5,81.25,27.725
2026-08-13 07:00:00,1151.18327,83.5,72.5,29.225
2026-08-13 08:00:00,2079.29615,293.5,65.0,30.75
2026-08-13 09:00:00,2592.80375,491.5,61.25,32.425
2026-08-13 10:00:00,2758.12344,660.75,62.75,34.0
2026-08-13 11:00:00,2820.88864,817.0,61.75,35.35
2026-08-13 12:00:00,2663.77567,885.5,67.25,36.4
2026-08-13 13:00:00,2344.99958,847.5,81.0,36.025
2026-08-13 14:00:00,1635.02994,779.25,77.25,35.6
2026-08-13 15:00:00,986.9461,508.75,80.0,34.625
2026-08-13 16:00:00,539.7368399999999,363.75,84.5,33.675
2026-08-13 17:00:00,148.67743,230.5,93.5,33.1
2026-08-13 18:00:00,3.37855,80.25,97.25,32.25
2026-08-13 19:00:00,1.35453,1.75,99.5,30.1
2026-08-13 20:00:00,2.7276100000000003,0.0,98.75,29.85
2026-08-13 21:00:00,0.0,0.0,99.75,29.3
2026-08-13 22:00:00,0.0,0.0,97.0,28.925
2026-08-13 23:00:00,0.0,0.0,95.5,28.325
2026-08-14 00:00:00,0.0,0.0,91.5,27.85
2026-08-14 01:00:00,0.0,0.0,99.5,27.6
2026-08-14 02:00:00,0.0,0.0,99.5,27.425
2026-08-14 03:00:00,0.0,0.0,99.0,27.375
2026-08-14 04:00:00,0.24336000000000002,0.0,89.25,27.375
2026-08-14 05:00:00,2.6566,0.0,69.75,27.125
2026-08-14 06:00:00,206.52427,0.5,63.75,26.775
2026-08-14 07:00:00,1096.7191599999999,70.75,72.75,28.125
2026-08-14 08:00:00,1974.68343,262.5,62.0,29.725
2026-08-14 09:00:00,2392.15107,492.25,63.75,31.825
2026-08-14 10:00:00,2532.73322,681.75,69.25,33.575
2026-08-14 11:00:00,2595.32357,822.75,76.25,35.15
2026-08-14 12:00:00,2543.97575,868.75,79.5,36.175
2026-08-14 13:00:00,2183.3271299999997,823.25,76.25,36.675
2026-08-14 14:00:00,1866.39928,691.0,72.75,35.95
2026-08-14 15:00:00,1519.59412,563.5,67.5,35.95
2026-08-14 16:00:00,990.5096500000001,439.75,69.25,35.775
2026-08-14 17:00:00,299.59085,259.25,68.75,34.4
2026-08-14 18:00:00,11.50304,89.75,72.25,32.85
2026-08-14 19:00:00,1.2842799999999999,1.75,71.0,32.05
2026-08-14 20:00:00,2.9399,0.0,63.25,30.925
2026-08-14 21:00:00,0.0,0.0,72.0,30.15
2026-08-14 22:00:00,0.0,0.0,70.75,29.625
2026-08-14 23:00:00,0.0,0.0,67.0,29.174999999999997
2026-08-15 00:00:00,0.0,0.0,71.5,28.75
2026-08-15 01:00:00,2.9999999999999997e-05,0.0,72.0,28.9
2026-08-15 02:00:00,2.9999999999999997e-05,0.0,58.5,28.225
2026-08-15 03:00:00,2.9999999999999997e-05,0.0,62.75,27.825
2026-08-15 04:00:00,0.5041100000000001,0.0,69.75,27.625
2026-08-15 05:00:00,3.04713,0.0,76.5,27.15
2026-08-15 06:00:00,296.84677,0.5,69.75,26.775
2026-08-15 07:00:00,1461.91345,78.0,62.5,28.2
2026-08-15 08:00:00,2148.29798,282.5,47.5,30.225
2026-08-15 09:00:00,2546.19801,513.5,50.25,32.25
2026-08-15 10:00:00,2633.4259500000003,706.5,53.25,33.95
2026-08-15 11:00:00,2741.8144500000003,846.25,63.25,35.375
2026-08-15 12:00:00,2740.55685,914.75,64.75,36.525
2026-08-15 13:00:00,2514.66826,902.75,75.75,37.4
2026-08-15 14:00:00,2136.95249,817.0,74.75,36.65
2026-08-15 15:00:00,1608.6388699999998,665.0,86.0,36.7
2026-08-15 16:00:00,973.5536800000001,470.75,94.0,36.775
2026-08-15 17:00:00,337.18536,256.75,99.25,34.95
2026-08-15 18:00:00,3.36366,78.5,97.75,33.199999999999996
2026-08-15 19:00:00,1.76564,1.75,92.75,31.6
2026-08-15 20:00:00,2.69763,0.0,73.25,30.849999999999998
2026-08-15 21:00:00,0.0,0.0,85.5,30.175
2026-08-15 22:00:00,0.0,0.0,96.75,29.45
2026-08-15 23:00:00,0.0,0.0,92.75,29.0
2026-08-16 00:00:00,0.0,0.0,95.5,28.425
2026-08-16 01:00:00,0.0,0.0,84.25,28.7
2026-08-16 02:00:00,0.0,0.0,83.25,28.1
2026-08-16 03:00:00,0.0,0.0,91.5,27.5
2026-08-16 04:00:00,0.10637,0.0,98.0,27.2
2026-08-16 05:00:00,1.5693800000000002,0.0,88.0,27.049999999999997
2026-08-16 06:00:00,268.09096999999997,0.5,84.75,26.975
2026-08-16 07:00:00,925.34547,75.75,92.25,27.7
2026-08-16 08:00:00,1802.98568,245.75,94.75,29.075
2026-08-16 09:00:00,2204.7454900000002,447.75,92.25,31.275000000000002
2026-08-16 10:00:00,2378.04712,593.0,96.0,33.05
2026-08-16 11:00:00,2383.02782,721.0,94.25,34.35
2026-08-16 12:00:00,2279.55782,807.5,91.75,35.35
2026-08-16 13:00:00,2109.91126,798.75,99.75,34.275
2026-08-16 14:00:00,1516.04849,666.5,99.5,34.025
2026-08-16 15:00:00,934.1179599999999,520.25,99.25,33.975
2026-08-16 16:00:00,624.9505300000001,394.75,99.5,33.225
2026-08-16 17:00:00,218.21739000000002,183.0,97.75,31.35
2026-08-16 18:00:00,7.07349,73.5,95.75,30.0
2026-08-16 19:00:00,2.5961,1.75,99.25,31.375
2026-08-16 20:00:00,3.71611,0.0,96.25,30.2
2026-08-16 21:00:00,0.64203,0.0,96.75,29.65
2026-08-16 22:00:00,0.0,0.0,99.5,29.2
2026-08-16 23:00:00,0.0,0.0,100.0,27.95
2026-08-17 00:00:00,0.0,0.0,99.5,26.95
2026-08-17 01:00:00,0.0,0.0,100.0,26.275
2026-08-17 02:00:00,0.0,0.0,100.0,26.125
2026-08-17 03:00:00,0.0,0.0,99.5,25.675
2026-08-17 04:00:00,0.63359,0.0,99.75,25.125
2026-08-17 05:00:00,4.02151,0.0,100.0,24.675
2026-08-17 06:00:00,117.2552,0.25,100.0,24.75
2026-08-17 07:00:00,413.912,39.25,98.75,24.975
2026-08-17 08:00:00,945.8393299999999,161.5,97.0,26.125
2026-08-17 09:00:00,1372.61142,272.5,89.0,27.575
2026-08-17 10:00:00,1511.926,481.0,82.5,29.4
2026-08-17 11:00:00,1660.88314,517.5,84.0,29.95
2026-08-17 12:00:00,1537.00324,553.5,90.25,30.9
2026-08-17 13:00:00,1311.27404,628.25,96.5,31.975
2026-08-17 14:00:00,1122.3238000000001,558.75,96.5,31.8
2026-08-17 15:00:00,972.56502,414.5,99.75,31.125
2026-08-17 16:00:00,638.90969,253.5,97.5,30.375
2026-08-17 17:00:00,166.88765,189.0,99.25,30.075
2026-08-17 18:00:00,2.17179,59.0,99.75,29.049999999999997
2026-08-17 19:00:00,1.48176,1.0,98.75,29.425
2026-08-17 20:00:00,2.9616100000000003,0.0,99.0,28.775
2026-08-17 21:00:00,0.19594999999999999,0.0,99.5,28.275
2026-08-17 22:00:00,0.1966,0.0,99.75,27.875
2026-08-17 23:00:00,0.19458,0.0,99.5,26.525
2026-08-18 00:00:00,0.19996,0.0,98.5,26.075
2026-08-18 01:00:00,0.19860999999999998,0.0,99.5,26.099999999999998
2026-08-18 02:00:00,0.20038,0.0,98.0,25.375
2026-08-18 03:00:00,0.19147999999999998,0.0,89.75,24.975
2026-08-18 04:00:00,0.6276499999999999,0.0,91.75,24.849999999999998
2026-08-18 05:00:00,4.19503,0.0,95.25,24.725
2026-08-18 06:00:00,167.60332,0.25,90.75,24.625
2026-08-18 07:00:00,645.14622,64.75,98.0,25.875
2026-08-18 08:00:00,1180.3009299999999,247.5,98.0,27.25
2026-08-18 09:00:00,1920.44281,391.75,94.25,28.525
2026-08-18 10:00:00,2189.22222,508.75,95.25,29.55
2026-08-18 11:00:00,2370.63547,664.75,95.75,30.7
2026-08-18 12:00:00,2149.39128,753.5,93.0,32.425
2026-08-18 13:00:00,1704.30231,721.75,93.0,33.025
2026-08-18 14:00:00,1570.1068799999998,650.25,88.5,33.225
2026-08-18 15:00:00,1459.2614199999998,472.5,94.25,33.1
2026-08-18 16:00:00,1069.53584,369.75,98.5,33.075
2026-08-18 17:00:00,290.48805,204.0,94.75,32.25
2026-08-18 18:00:00,2.49937,68.0,85.25,30.25
2026-08-18 19:00:00,1.33071,1.0,95.25,30.0
2026-08-18 20:00:00,2.95932,0.0,96.0,29.375
2026-08-18 21:00:00,0.0,0.0,96.5,28.825
2026-08-18 22:00:00,0.0,0.0,88.25,28.225
2026-08-18 23:00:00,0.046579999999999996,0.0,69.0,27.825
2026-08-19 00:00:00,0.17438,0.0,60.25,27.525
2026-08-19 01:00:00,0.17798,0.0,64.25,27.45
2026-08-19 02:00:00,0.18045,0.0,61.0,26.9
2026-08-19 03:00:00,0.1809,0.0,72.25,26.6
2026-08-19 04:00:00,1.01901,0.0,68.75,26.325
2026-08-19 05:00:00,5.98936,0.0,59.75,26.075
2026-08-19 06:00:00,374.099,0.5,46.0,25.95
2026-08-19 07:00:00,1502.57078,80.5,47.0,27.75
2026-08-19 08:00:00,2110.2596200000003,284.5,41.75,29.75
2026-08-19 09:00:00,2485.49611,516.5,22.25,31.825
2026-08-19 10:00:00,2703.43776,715.75,34.0,33.625
2026-08-19 11:00:00,2859.96321,842.25,13.75,35.175
2026-08-19 12:00:00,2840.96505,914.25,30.25,36.3
2026-08-19 13:00:00,2779.3137,899.0,17.0,37.05
2026-08-19 14:00:00,2513.8936999999996,857.0,23.75,36.824999999999996
2026-08-19 15:00:00,1953.79891,706.25,27.25,36.725
2026-08-19 16:00:00,1422.33916,524.0,35.0,36.875
2026-08-19 17:00:00,430.22297000000003,309.25,35.75,34.75
2026-08-19 18:00:00,11.78349,101.25,50.75,33.074999999999996
2026-08-19 19:00:00,1.04556,1.25,48.5,32.325
2026-08-19 20:00:00,2.7797899999999998,0.0,46.0,31.25
2026-08-19 21:00:00,0.0,0.0,28.25,30.15
2026-08-19 22:00:00,0.0,0.0,20.0,29.7
2026-08-19 23:00:00,0.00068,0.0,18.5,29.025
2026-08-20 00:00:00,0.0076500000000000005,0.0,30.0,28.625
2026-08-20 01:00:00,0.00945,0.0,22.5,28.45
2026-08-20 02:00:00,0.01192,0.0,39.0,27.875
2026-08-20 03:00:00,0.01418,0.0,37.0,27.225
2026-08-20 04:00:00,0.31491,0.0,37.75,27.1
2026-08-20 05:00:00,6.24256,0.0,43.75,26.95
2026-08-20 06:00:00,310.39646999999997,0.5,48.0,26.95
2026-08-20 07:00:00,1280.39926,81.75,32.5,27.95
2026-08-20 08:00:00,2193.2635,300.75,40.0,30.15
2026-08-20 09:00:00,2552.42154,500.0,33.0,32.375
2026-08-20 10:00:00,2801.731,718.5,43.75,34.325
2026-08-20 11:00:00,2859.76485,865.0,45.25,35.775
2026-08-20 12:00:00,2777.56385,902.75,58.0,36.75
2026-08-20 13:00:00,2749.69888,858.75,62.75,37.025
2026-08-20 14:00:00,2348.8182399999996,778.25,67.75,36.95
2026-08-20 15:00:00,1647.18123,615.5,75.25,37.025
2026-08-20 16:00:00,1172.78333,418.0,70.5,35.825
2026-08-20 17:00:00,369.05655,286.5,72.75,34.725
2026-08-20 18:00:00,7.35869,89.75,57.25,33.6
2026-08-20 19:00:00,2.04868,1.5,68.25,33.3
2026-08-20 20:00:00,3.5802400000000003,0.0,62.5,32.2
2026-08-20 21:00:00,0.87876,0.0,50.75,31.450000000000003
2026-08-20 22:00:00,0.07612000000000001,0.0,34.0,30.700000000000003
2026-08-20 23:00:00,0.00279,0.0,39.75,29.85
2026-08-21 00:00:00,0.0,0.0,46.5,29.175
2026-08-21 01:00:00,0.00263,0.0,49.25,28.775
2026-08-21 02:00:00,0.00521,0.0,51.25,28.45
2026-08-21 03:00:00,0.0,0.0,52.0,28.15
2026-08-21 04:00:00,0.9862000000000001,0.0,43.0,27.7
2026-08-21 05:00:00,4.47171,0.0,32.0,27.25
2026-08-21 06:00:00,316.00214,0.5,29.0,26.875
2026-08-21 07:00:00,1376.12759,81.5,36.0,28.775
2026-08-21 08:00:00,2018.1062299999999,296.5,34.5,30.95
2026-08-21 09:00:00,2432.6265300000005,496.75,19.75,33.15
2026-08-21 10:00:00,2573.61098,702.75,30.0,34.85
2026-08-21 11:00:00,2683.8497399999997,839.0,49.75,36.125
2026-08-21 12:00:00,2455.6288999999997,872.0,43.75,37.025
2026-08-21 13:00:00,2161.48442,869.5,73.25,37.05
2026-08-21 14:00:00,2071.44409,712.75,67.0,34.375
2026-08-21 15:00:00,1113.9169399999998,563.5,76.5,35.025
2026-08-21 16:00:00,551.16383,444.25,80.25,35.225
2026-08-21 17:00:00,115.2937,283.75,72.25,34.25
2026-08-21 18:00:00,5.70116,93.75,69.75,33.1
2026-08-21 19:00:00,1.48795,1.0,86.0,32.65
2026-08-21 20:00:00,3.3115499999999995,0.0,59.5,31.75
2026-08-21 21:00:00,0.49060000000000004,0.0,90.75,30.65
2026-08-21 22:00:00,0.0,0.0,83.0,29.275
2026-08-21 23:00:00,0.0,0.0,92.75,28.175
2026-08-22 00:00:00,0.0,0.0,96.5,27.875
2026-08-22 01:00:00,0.0,0.0,95.5,27.725
2026-08-22 02:00:00,0.0,0.0,98.5,27.35
2026-08-22 03:00:00,0.0,0.0,96.25,26.95
2026-08-22 04:00:00,0.07053,0.0,96.5,26.65
2026-08-22 05:00:00,2.1724500000000004,0.0,99.0,26.5
2026-08-22 06:00:00,162.55148,0.25,99.5,26.325
2026-08-22 07:00:00,688.39416,43.0,99.25,26.8
2026-08-22 08:00:00,1391.45982,165.0,94.5,27.55
2026-08-22 09:00:00,1858.5021299999999,364.25,81.25,29.3
2026-08-22 10:00:00,2283.95923,465.75,83.75,30.6
2026-08-22 11:00:00,2550.01512,643.5,87.75,32.25
2026-08-22 12:00:00,2507.9985699999997,653.75,94.0,33.325
2026-08-22 13:00:00,2196.6151,686.0,97.75,34.675
2026-08-22 14:00:00,1767.77993,626.25,93.5,34.425
2026-08-22 15:00:00,1298.41423,516.75,90.25,34.3
2026-08-22 16:00:00,910.57102,385.5,90.25,33.475
2026-08-22 17:00:00,333.85990999999996,235.75,73.75,32.475
2026-08-22 18:00:00,3.22711,86.5,62.5,31.325
2026-08-22 19:00:00,1.8038299999999998,1.0,43.25,30.35
2026-08-22 20:00:00,2.8035799999999997,0.0,50.75,29.925
2026-08-22 21:00:00,0.07095,0.0,67.0,29.5
2026-08-22 22:00:00,0.00138,0.0,60.5,29.150000000000002
2026-08-22 23:00:00,0.0,0.0,67.5,28.65
2026-08-23 00:00:00,0.0,0.0,81.5,28.15
2026-08-23 01:00:00,0.0,0.0,88.25,28.25
2026-08-23 02:00:00,0.0,0.0,93.25,27.95
2026-08-23 03:00:00,0.0,0.0,69.0,27.65
2026-08-23 04:00:00,0.7103499999999999,0.0,82.75,27.4
2026-08-23 05:00:00,3.36461,0.0,93.0,27.2
2026-08-23 06:00:00,202.25873,0.5,95.75,27.075
2026-08-23 07:00:00,1065.46229,76.0,73.5,27.675
2026-08-23 08:00:00,1861.2659199999998,259.75,55.75,29.2
2026-08-23 09:00:00,2310.7744199999997,508.25,69.0,31.375
2026-08-23 10:00:00,2552.77278,619.75,68.0,32.6
2026-08-23 11:00:00,2491.838,679.25,61.75,33.625
2026-08-23 12:00:00,2287.70289,849.75,48.5,35.15
2026-08-23 13:00:00,2139.29684,923.25,74.5,34.425
2026-08-23 14:00:00,1366.8838,659.5,62.5,34.075
2026-08-23 15:00:00,1011.94101,591.75,73.5,32.65
2026-08-23 16:00:00,743.89024,405.5,66.0,32.15
2026-08-23 17:00:00,167.84675,209.5,63.0,31.075
2026-08-23 18:00:00,2.98372,70.5,72.5,30.224999999999998
2026-08-23 19:00:00,2.10142,0.75,94.25,28.825000000000003
2026-08-23 20:00:00,3.1602400000000004,0.0,97.75,28.225
2026-08-23 21:00:00,0.07903999999999999,0.0,99.5,27.775
2026-08-23 22:00:00,0.028120000000000003,0.0,96.75,27.575
2026-08-23 23:00:00,0.032619999999999996,0.0,95.0,27.275
2026-08-24 00:00:00,0.036,0.0,97.25,26.75
2026-08-24 01:00:00,0.0378,0.0,93.75,26.325
2026-08-24 02:00:00,0.03848,0.0,92.75,25.925
2026-08-24 03:00:00,0.038700000000000005,0.0,87.0,25.775
2026-08-24 04:00:00,0.26521,0.0,82.5,25.474999999999998
2026-08-24 05:00:00,4.34406,0.0,92.25,25.349999999999998
2026-08-24 06:00:00,333.50685999999996,0.5,92.5,25.375
2026-08-24 07:00:00,1428.5361799999998,65.75,85.5,26.725
2026-08-24 08:00:00,2324.1405499999996,260.25,86.5,28.400000000000002
2026-08-24 09:00:00,2696.839,471.25,76.75,30.450000000000003
2026-08-24 10:00:00,2796.74125,659.75,64.75,32.324999999999996
2026-08-24 11:00:00,2970.8452,817.5,48.75,34.2
2026-08-24 12:00:00,2851.87471,887.25,38.0,35.275
2026-08-24 13:00:00,2824.34002,926.5,57.25,36.2
2026-08-24 14:00:00,2546.92394,806.75,70.5,36.225
2026-08-24 15:00:00,2187.1568700000003,718.75,71.25,36.7
2026-08-24 16:00:00,1495.44177,479.75,82.75,35.1
2026-08-24 17:00:00,328.76081,269.5,79.25,33.475
2026-08-24 18:00:00,3.21375,87.25,64.75,32.425
2026-08-24 19:00:00,1.7415,0.75,73.25,31.65
2026-08-24 20:00:00,2.8569899999999997,0.0,71.25,30.9
2026-08-24 21:00:00,0.07562,0.0,67.75,30.2
2026-08-24 22:00:00,0.1159,0.0,49.0,29.675
2026-08-24 23:00:00,0.07427,0.0,47.0,29.075000000000003
2026-08-25 00:00:00,0.17349,0.0,47.0,28.45
2026-08-25 01:00:00,0.1485,0.0,23.0,28.3
2026-08-25 02:00:00,0.07356,0.0,37.5,27.9
2026-08-25 03:00:00,0.18944,0.0,51.0,27.575
2026-08-25 04:00:00,0.5843700000000001,0.0,40.75,27.15
2026-08-25 05:00:00,4.11347,0.0,29.25,26.825
2026-08-25 06:00:00,356.86508000000003,0.5,31.0,26.625
2026-08-25 07:00:00,1518.80871,89.0,28.75,28.375
2026-08-25 08:00:00,2381.02574,310.0,39.5,30.225
2026-08-25 09:00:00,2711.9119899999996,535.75,43.25,31.975
2026-08-25 10:00:00,2796.95037,719.25,57.0,33.825
2026-08-25 11:00:00,2675.11056,840.75,51.75,35.375
2026-08-25 12:00:00,2589.82494,896.25,66.25,36.4
2026-08-25 13:00:00,2393.86198,902.5,60.75,37.175
2026-08-25 14:00:00,1881.56577,834.0,71.5,37.15
2026-08-25 15:00:00,1252.4096499999998,636.75,77.0,35.65
2026-08-25 16:00:00,755.55197,468.75,72.5,34.625
2026-08-25 17:00:00,213.69405,275.0,69.75,33.525
2026-08-25 18:00:00,5.64395,84.5,66.75,32.225
2026-08-25 19:00:00,1.96576,0.75,91.5,32.025
2026-08-25 20:00:00,3.56133,0.0,76.75,31.175000000000004
2026-08-25 21:00:00,0.05787,0.0,82.0,30.225
2026-08-25 22:00:00,0.04275,0.0,90.0,29.275
2026-08-25 23:00:00,0.06142,0.0,80.5,28.625
2026-08-26 00:00:00,0.0126,0.0,85.75,27.7
2026-08-26 01:00:00,0.02092,0.0,97.75,28.275
2026-08-26 02:00:00,0.03982,0.0,94.25,28.05
2026-08-26 03:00:00,0.013949999999999999,0.0,89.25,27.9
2026-08-26 04:00:00,0.40335000000000004,0.0,92.5,27.6
2026-08-26 05:00:00,2.81614,0.0,96.75,27.5
2026-08-26 06:00:00,268.04533000000004,0.5,86.0,27.15
2026-08-26 07:00:00,1022.4713,77.75,100.0,28.375
2026-08-26 08:00:00,1969.8545900000001,214.75,94.75,29.875
2026-08-26 09:00:00,2527.15152,462.25,96.5,31.9
2026-08-26 10:00:00,2631.7948199999996,644.5,91.25,33.625
2026-08-26 11:00:00,2614.85929,750.0,90.0,35.075
2026-08-26 12:00:00,2606.95363,860.5,82.0,36.4
2026-08-26 13:00:00,2507.2796000000003,890.5,90.0,36.7
2026-08-26 14:00:00,2096.98009,802.25,84.75,36.825
2026-08-26 15:00:00,1388.3208100000002,593.5,89.0,36.2
2026-08-26 16:00:00,866.04065,405.25,87.75,35.175
2026-08-26 17:00:00,225.38998999999998,233.25,78.75,34.0
2026-08-26 18:00:00,1.5302,70.0,79.75,32.675
2026-08-26 19:00:00,1.883,0.5,77.25,31.35
2026-08-26 20:00:00,2.11787,0.0,76.5,30.475
2026-08-26 21:00:00,0.7652599999999999,0.0,79.75,29.45
2026-08-26 22:00:00,0.047939999999999997,0.0,91.5,29.2
2026-08-26 23:00:00,0.0,0.0,85.5,29.1
2026-08-27 00:00:00,0.0,0.0,78.5,28.625
2026-08-27 01:00:00,0.00011,0.0,74.5,28.25
2026-08-27 02:00:00,0.0,0.0,88.0,27.775
2026-08-27 03:00:00,0.0,0.0,87.25,27.6
2026-08-27 04:00:00,0.46906,0.0,92.5,27.3
2026-08-27 05:00:00,7.90078,0.0,98.75,27.275
2026-08-27 06:00:00,323.90371999999996,0.25,81.0,27.125
2026-08-27 07:00:00,1507.94704,77.25,77.0,28.05
2026-08-27 08:00:00,2424.32204,284.75,67.75,29.3
2026-08-27 09:00:00,2703.27332,506.25,72.25,31.725
2026-08-27 10:00:00,2872.46925,717.25,57.0,33.875
2026-08-27 11:00:00,2765.97438,855.25,60.25,35.35
2026-08-27 12:00:00,2624.48009,861.75,61.25,36.35
2026-08-27 13:00:00,2455.74746,861.25,65.75,37.125
2026-08-27 14:00:00,2215.0098700000003,801.0,70.75,36.65
2026-08-27 15:00:00,1568.59312,628.0,50.75,36.175
2026-08-27 16:00:00,1012.29324,462.75,36.5,35.8
2026-08-27 17:00:00,332.96465,290.75,48.25,34.625
2026-08-27 18:00:00,1.64736,88.5,70.5,33.224999999999994
2026-08-27 19:00:00,0.8683200000000001,0.5,64.25,32.55
2026-08-27 20:00:00,1.21756,0.0,53.0,31.525
2026-08-27 21:00:00,2.11597,0.0,50.0,30.6
2026-08-27 22:00:00,0.0,0.0,53.5,30.025
2026-08-27 23:00:00,0.0,0.0,48.5,29.425
2026-08-28 00:00:00,0.0,0.0,48.0,28.95
2026-08-28 01:00:00,0.0,0.0,49.25,29.0
2026-08-28 02:00:00,0.0,0.0,46.75,28.425
2026-08-28 03:00:00,0.0,0.0,43.0,28.2
2026-08-28 04:00:00,0.54402,0.0,41.0,27.875
2026-08-28 05:00:00,8.171769999999999,0.0,39.5,27.625
2026-08-28 06:00:00,369.39858000000004,0.5,39.5,27.275
2026-08-28 07:00:00,1445.26888,85.25,81.25,28.1
2026-08-28 08:00:00,2338.6699399999998,275.75,56.5,29.775
2026-08-28 09:00:00,2719.11256,519.75,63.25,32.35
2026-08-28 10:00:00,2790.65759,688.5,75.25,33.95
2026-08-28 11:00:00,2635.5708,779.25,70.5,35.25
2026-08-28 12:00:00,2516.3065500000002,858.5,72.75,36.225
2026-08-28 13:00:00,2504.3347200000003,857.5,76.5,36.5
2026-08-28 14:00:00,2507.98275,773.25,79.75,36.9
2026-08-28 15:00:00,2107.90504,658.75,61.0,37.05
2026-08-28 16:00:00,1354.706,501.5,70.5,36.25
2026-08-28 17:00:00,318.72902,277.75,73.0,34.625
2026-08-28 18:00:00,2.26593,82.25,88.0,33.025000000000006
2026-08-28 19:00:00,2.4442,0.5,83.5,32.45
2026-08-28 20:00:00,3.30916,0.0,98.25,31.55
2026-08-28 21:00:00,0.40068,0.0,97.5,30.825
2026-08-28 22:00:00,0.0,0.0,98.5,30.25
2026-08-28 23:00:00,0.0,0.0,95.0,29.1
2026-08-29 00:00:00,0.0,0.0,98.25,28.575
2026-08-29 01:00:00,0.0,0.0,97.75,28.775
2026-08-29 02:00:00,0.0,0.0,92.75,28.4
2026-08-29 03:00:00,0.0,0.0,80.5,27.925
2026-08-29 04:00:00,0.15639999999999998,0.0,80.5,27.65
2026-08-29 05:00:00,3.5253300000000003,0.0,73.5,27.45
2026-08-29 06:00:00,286.73101,0.5,87.5,27.3
2026-08-29 07:00:00,1244.4503800000002,78.75,88.0,28.6
2026-08-29 08:00:00,2156.57072,252.5,86.0,30.125
2026-08-29 09:00:00,2485.33561,436.5,75.5,31.55
2026-08-29 10:00:00,2585.70962,636.5,81.5,33.525
2026-08-29 11:00:00,2432.28477,762.75,51.25,35.1
2026-08-29 12:00:00,2203.64618,825.0,61.25,36.15
2026-08-29 13:00:00,2003.48171,820.25,76.5,36.075
2026-08-29 14:00:00,1370.5262,732.5,77.0,35.15
2026-08-29 15:00:00,888.92939,516.0,95.75,33.3
2026-08-29 16:00:00,469.82071,375.0,99.25,32.675
2026-08-29 17:00:00,111.09477000000001,181.75,97.25,32.125
2026-08-29 18:00:00,2.04589,64.25,98.5,30.975
2026-08-29 19:00:00,0.36734000000000006,0.5,97.5,29.625
2026-08-29 20:00:00,2.26584,0.0,98.75,29.425
2026-08-29 21:00:00,1.07648,0.0,99.5,29.125
2026-08-29 22:00:00,0.31942999999999994,0.0,99.5,28.5
2026-08-29 23:00:00,0.82448,0.0,98.25,27.95
2026-08-30 00:00:00,0.43207999999999996,0.0,98.5,27.275
2026-08-30 01:00:00,0.15525,0.0,99.5,27.45
2026-08-30 02:00:00,0.15480000000000002,0.0,99.5,26.875
2026-08-30 03:00:00,0.15480000000000002,0.0,99.75,26.625
2026-08-30 04:00:00,0.48842,0.0,92.5,26.4
2026-08-30 05:00:00,4.2604,0.0,94.5,25.975
2026-08-30 06:00:00,244.73479,0.25,92.75,25.85
2026-08-30 07:00:00,994.70172,70.75,80.25,27.2
2026-08-30 08:00:00,2057.2629699999998,256.75,80.0,28.45
2026-08-30 09:00:00,2389.96394,467.0,66.5,30.15
2026-08-30 10:00:00,2593.64696,679.0,73.75,32.175
2026-08-30 11:00:00,2621.58396,830.5,76.75,34.075
2026-08-30 12:00:00,2318.76665,868.25,73.0,35.074999999999996
2026-08-30 13:00:00,2267.3899699999997,875.0,87.0,36.225
2026-08-30 14:00:00,1925.11365,832.25,57.5,35.95
2026-08-30 15:00:00,1535.37602,657.75,79.5,34.625
2026-08-30 16:00:00,700.3405300000001,458.0,87.75,33.6
2026-08-30 17:00:00,182.61368,231.0,86.25,32.4
2026-08-30 18:00:00,2.8075699999999997,59.75,88.5,29.875
2026-08-30 19:00:00,1.07797,0.5,92.25,29.15
2026-08-30 20:00:00,2.83518,0.0,97.25,28.1
2026-08-30 21:00:00,0.19104,0.0,90.0,27.825
2026-08-30 22:00:00,0.14918,0.0,93.0,27.2
2026-08-30 23:00:00,0.1449,0.0,94.25,26.45
2026-08-31 00:00:00,0.14872,0.0,94.5,26.425
2026-08-31 01:00:00,0.15098,0.0,97.75,26.625
2026-08-31 02:00:00,0.15165,0.0,98.5,26.325
2026-08-31 03:00:00,0.14771,0.0,95.25,26.125
2026-08-31 04:00:00,1.8132500000000003,0.0,97.75,25.8
2026-08-31 05:00:00,10.714739999999999,0.0,99.5,25.4
2026-08-31 06:00:00,169.06101,0.25,98.0,25.0
2026-08-31 07:00:00,865.9054,45.5,99.0,25.775
2026-08-31 08:00:00,1553.57724,166.75,99.0,26.65
2026-08-31 09:00:00,2150.45822,322.0,99.25,28.225
2026-08-31 10:00:00,2286.3750499999996,450.5,99.0,29.625
2026-08-31 11:00:00,2496.57659,590.25,98.0,31.175
2026-08-31 12:00:00,2492.4232700000002,710.75,86.0,32.675
2026-08-31 13:00:00,2152.11943,788.25,98.5,33.325
2026-08-31 14:00:00,1617.15821,668.5,89.0,33.325
2026-08-31 15:00:00,1270.01763,567.25,94.75,33.4
2026-08-31 16:00:00,867.44348,382.75,98.0,32.6
2026-08-31 17:00:00,186.27612,226.5,95.75,31.65
2026-08-31 18:00:00,2.07303,58.75,82.75,30.625
2026-08-31 19:00:00,1.90026,0.25,75.0,30.45
2026-08-31 20:00:00,3.59653,0.0,85.75,29.525
2026-08-31 21:00:00,0.05115,0.0,96.25,29.049999999999997
2026-08-31 22:00:00,0.00115,0.0,90.0,28.1
2026-08-31 23:00:00,0.0,0.0,98.25,27.35
2026-09-01 00:00:00,0.0,0.0,93.0,27.0
2026-09-01 01:00:00,0.0,0.0,92.75,26.9
2026-09-01 02:00:00,0.0,0.0,88.25,26.275
2026-09-01 03:00:00,0.0,0.0,82.25,25.95
2026-09-01 04:00:00,0.68079,0.0,83.75,25.825000000000003
2026-09-01 05:00:00,6.37913,0.0,76.0,25.5
2026-09-01 06:00:00,263.31519000000003,0.25,69.75,25.2
2026-09-01 07:00:00,1017.15809,79.0,55.5,26.25
2026-09-01 08:00:00,1545.73803,275.75,50.5,27.7
2026-09-01 09:00:00,2126.87482,487.75,60.75,29.325
2026-09-01 10:00:00,2473.9971499999997,683.5,72.75,31.125
2026-09-01 11:00:00,2547.4847,793.0,73.25,32.5
2026-09-01 12:00:00,2326.2518,861.0,58.0,33.324999999999996
2026-09-01 13:00:00,2046.96035,887.0,67.0,33.825
2026-09-01 14:00:00,1625.9366,721.0,65.25,33.475
2026-09-01 15:00:00,1111.99628,583.0,75.5,32.725
2026-09-01 16:00:00,719.03885,370.75,82.75,30.175
2026-09-01 17:00:00,164.99026,163.5,78.75,29.25
2026-09-01 18:00:00,2.26578,57.75,80.5,28.6
2026-09-01 19:00:00,0.94629,0.25,74.5,28.675
2026-09-01 20:00:00,2.8525300000000002,0.0,65.0,28.325
2026-09-01 21:00:00,0.37227,0.0,74.25,28.125
2026-09-01 22:00:00,0.16942,0.0,78.0,27.575
2026-09-01 23:00:00,0.17528,0.0,77.0,27.15
2026-09-02 00:00:00,0.17685,0.0,77.0,26.025
2026-09-02 01:00:00,0.17685,0.0,89.0,26.375
2026-09-02 02:00:00,0.17955000000000002,0.0,78.0,26.025
2026-09-02 03:00:00,0.17595,0.0,76.75,25.75
2026-09-02 04:00:00,1.51174,0.0,72.75,25.325
2026-09-02 05:00:00,9.97283,0.0,85.75,24.975
2026-09-02 06:00:00,212.13951999999998,0.25,92.5,24.75
2026-09-02 07:00:00,866.73473,63.5,86.5,25.775
2026-09-02 08:00:00,1667.0619299999998,216.5,81.5,26.575
2026-09-02 09:00:00,2421.5675,418.25,77.75,28.3
2026-09-02 10:00:00,2676.97942,630.25,76.25,30.0
2026-09-02 11:00:00,2782.13649,763.5,63.25,31.0
2026-09-02 12:00:00,2629.30247,833.25,56.5,32.175
2026-09-02 13:00:00,2305.81907,888.25,47.25,33.3
2026-09-02 14:00:00,2175.81886,833.0,52.25,33.425
2026-09-02 15:00:00,1664.2788400000002,665.5,53.5,32.725
2026-09-02 16:00:00,1118.2635,474.0,55.0,32.3
2026-09-02 17:00:00,241.58139000000003,255.75,52.75,31.450000000000003
2026-09-02 18:00:00,2.60808,72.75,73.0,30.175
2026-09-02 19:00:00,2.06107,0.0,69.25,29.8
2026-09-02 20:00:00,3.73855,0.0,55.0,29.125
2026-09-02 21:00:00,0.88808,0.0,61.25,28.45
2026-09-02 22:00:00,0.10092,0.0,74.5,28.1
2026-09-02 23:00:00,0.0522,0.0,76.0,27.725
2026-09-03 00:00:00,0.05198,0.0,59.25,27.35
2026-09-03 01:00:00,0.05535,0.0,68.25,27.275
2026-09-03 02:00:00,0.054450000000000005,0.0,65.75,26.95
2026-09-03 03:00:00,0.0585,0.0,74.25,26.675
2026-09-03 04:00:00,1.02182,0.0,77.75,26.375
2026-09-03 05:00:00,11.56626,0.0,70.0,26.125
2026-09-03 06:00:00,375.97353,0.5,53.75,25.7
2026-09-03 07:00:00,1571.07478,80.25,39.0,26.675
2026-09-03 08:00:00,2414.4551,264.5,42.5,28.35
2026-09-03 09:00:00,2808.58673,481.25,33.25,30.375
2026-09-03 10:00:00,2850.43762,715.25,42.75,32.425
2026-09-03 11:00:00,2764.6082800000004,855.0,35.5,33.825
2026-09-03 12:00:00,2753.68854,924.5,40.75,35.0
2026-09-03 13:00:00,2603.46596,919.0,61.0,35.9
2026-09-03 14:00:00,2030.20551,839.0,71.75,35.75
2026-09-03 15:00:00,1653.10182,705.25,84.0,35.625
2026-09-03 16:00:00,1215.89009,478.25,81.5,33.9
2026-09-03 17:00:00,381.36801,252.25,72.25,32.275
2026-09-03 18:00:00,5.10634,69.25,76.0,30.799999999999997
2026-09-03 19:00:00,1.49921,0.0,91.25,30.525
2026-09-03 20:00:00,2.9648600000000003,0.0,85.5,29.975
2026-09-03 21:00:00,0.04028,0.0,78.5,29.4
2026-09-03 22:00:00,0.11295000000000001,0.0,80.0,28.95
2026-09-03 23:00:00,0.1098,0.0,64.75,28.45
2026-09-04 00:00:00,0.11992,0.0,54.5,28.075000000000003
2026-09-04 01:00:00,0.12082,0.0,50.75,27.975
2026-09-04 02:00:00,0.12285,0.0,47.25,27.35
2026-09-04 03:00:00,0.12240000000000001,0.0,50.5,26.9
2026-09-04 04:00:00,0.76827,0.0,44.25,26.525
2026-09-04 05:00:00,4.48003,0.0,40.0,26.25
2026-09-04 06:00:00,343.25946000000005,0.5,48.25,26.025
2026-09-04 07:00:00,1456.74333,86.5,33.0,27.475
2026-09-04 08:00:00,2306.35399,305.25,23.5,29.35
2026-09-04 09:00:00,2685.7379100000003,539.75,20.5,31.3
2026-09-04 10:00:00,2818.27911,734.75,41.0,32.875
2026-09-04 11:00:00,2736.65377,855.5,59.75,34.05
2026-09-04 12:00:00,2419.97681,911.0,59.25,35.1
2026-09-04 13:00:00,2374.8302,917.25,61.5,35.8
2026-09-04 14:00:00,2268.6576,763.75,63.5,35.225
2026-09-04 15:00:00,1681.85293,630.25,65.25,34.65
2026-09-04 16:00:00,1145.8727099999999,468.0,80.5,33.7
2026-09-04 17:00:00,266.73214,231.0,69.0,31.525
2026-09-04 18:00:00,3.42092,58.25,72.5,30.425
2026-09-04 19:00:00,1.49086,0.0,70.75,30.275
2026-09-04 20:00:00,2.8915100000000002,0.0,68.25,29.55
2026-09-04 21:00:00,0.0033799999999999998,0.0,46.5,29.049999999999997
2026-09-04 22:00:00,0.01485,0.0,47.0,28.799999999999997
2026-09-04 23:00:00,0.01418,0.0,38.75,28.425
2026-09-05 00:00:00,0.05062,0.0,46.0,28.025
2026-09-05 01:00:00,0.08438,0.0,36.75,28.05
2026-09-05 02:00:00,0.08595,0.0,25.25,27.425
2026-09-05 03:00:00,0.08708,0.0,31.0,27.0
2026-09-05 04:00:00,1.70052,0.0,30.75,26.75
2026-09-05 05:00:00,11.58409,0.0,38.5,26.425
2026-09-05 06:00:00,365.821,0.5,31.75,26.15
2026-09-05 07:00:00,1515.9853899999998,91.0,31.75,27.95
2026-09-05 08:00:00,2494.8294,313.25,26.5,30.05
2026-09-05 09:00:00,2930.20469,550.0,25.5,32.3
2026-09-05 10:00:00,3000.83528,730.75,40.75,33.95
2026-09-05 11:00:00,2904.28277,842.25,53.75,35.375
2026-09-05 12:00:00,2821.46777,878.25,64.25,36.05
2026-09-05 13:00:00,2416.53523,776.75,59.5,36.8
2026-09-05 14:00:00,1818.88916,790.5,58.5,35.975
2026-09-05 15:00:00,1053.61453,648.5,60.5,35.625
2026-09-05 16:00:00,536.62975,433.0,65.5,33.225
2026-09-05 17:00:00,127.56118,234.0,61.75,32.525
2026-09-05 18:00:00,2.79088,72.25,67.75,30.425
2026-09-05 19:00:00,2.4688900000000005,0.0,53.75,30.799999999999997
2026-09-05 20:00:00,3.6380199999999996,0.0,52.25,30.450000000000003
2026-09-05 21:00:00,0.867,0.0,46.5,29.875
2026-09-05 22:00:00,0.02595,0.0,25.75,29.325
2026-09-05 23:00:00,0.07808,0.0,26.5,28.775
2026-09-06 00:00:00,0.10687999999999999,0.0,48.0,28.5
2026-09-06 01:00:00,0.10845,0.0,45.0,28.5
2026-09-06 02:00:00,0.11631999999999999,0.0,43.75,27.975
2026-09-06 03:00:00,0.11678,0.0,46.75,27.6
2026-09-06 04:00:00,0.7248199999999999,0.0,48.5,27.225
2026-09-06 05:00:00,5.36186,0.0,51.0,26.875
2026-09-06 06:00:00,349.28795,0.5,57.25,26.65
2026-09-06 07:00:00,1404.0474199999999,74.75,68.25,28.35
2026-09-06 08:00:00,2173.0618,270.25,57.5,30.0
2026-09-06 09:00:00,2536.6539,459.25,53.25,31.725
2026-09-06 10:00:00,2668.2584100000004,670.5,53.75,33.525
2026-09-06 11:00:00,2574.72573,816.0,80.75,34.974999999999994
2026-09-06 12:00:00,2544.3492,835.0,85.5,35.775
2026-09-06 13:00:00,2428.78118,857.25,88.25,36.45
2026-09-06 14:00:00,2153.73325,726.25,87.0,36.125
2026-09-06 15:00:00,1496.7235600000001,606.25,81.25,34.975
2026-09-06 16:00:00,730.94025,419.5,86.0,33.375
2026-09-06 17:00:00,143.54904000000002,222.5,87.25,32.5
2026-09-06 18:00:00,3.2421499999999996,57.5,86.0,31.375
2026-09-06 19:00:00,1.8925500000000002,0.0,98.25,31.175
2026-09-06 20:00:00,2.91024,0.0,97.25,30.25
2026-09-06 21:00:00,0.0,0.0,98.75,29.675
2026-09-06 22:00:00,0.046579999999999996,0.0,99.25,29.3
2026-09-06 23:00:00,0.20992,0.0,99.0,28.275
2026-09-07 00:00:00,0.21081999999999998,0.0,97.5,27.75
2026-09-07 01:00:00,0.21015,0.0,99.5,28.0
2026-09-07 02:00:00,0.21015,0.0,98.5,27.674999999999997
2026-09-07 03:00:00,0.21128,0.0,94.0,27.375
2026-09-07 04:00:00,1.34774,0.0,97.25,27.15
2026-09-07 05:00:00,6.282229999999999,0.0,92.75,27.05
2026-09-07 06:00:00,227.69248,0.25,91.0,26.8
2026-09-07 07:00:00,1055.02662,56.5,88.0,27.4
2026-09-07 08:00:00,1965.80669,218.0,83.25,28.700000000000003
2026-09-07 09:00:00,2090.3891599999997,427.25,88.5,30.275
2026-09-07 10:00:00,2122.76367,577.0,87.75,31.725
2026-09-07 11:00:00,2145.4845100000002,674.5,80.0,32.875
2026-09-07 12:00:00,2094.33273,706.5,83.25,33.85
2026-09-07 13:00:00,1865.49595,736.25,86.0,34.775
2026-09-07 14:00:00,1691.04332,632.25,86.25,34.425
2026-09-07 15:00:00,1155.35659,539.75,94.0,34.15
2026-09-07 16:00:00,670.01378,364.25,98.75,33.075
2026-09-07 17:00:00,146.21116,201.75,99.5,31.700000000000003
2026-09-07 18:00:00,1.76743,46.75,98.5,30.225
2026-09-07 19:00:00,0.76748,0.0,98.0,30.55
2026-09-07 20:00:00,2.07652,0.0,99.25,29.775
2026-09-07 21:00:00,1.16717,0.0,99.25,29.525
2026-09-07 22:00:00,0.0009599999999999999,0.0,95.25,29.225
2026-09-07 23:00:00,0.00121,0.0,93.5,28.875
2026-09-08 00:00:00,0.00095,0.0,92.25,28.475
2026-09-08 01:00:00,0.00095,0.0,96.5,28.45
2026-09-08 02:00:00,0.0015499999999999997,0.0,79.75,27.95
2026-09-08 03:00:00,0.0006,0.0,78.75,27.549999999999997
2026-09-08 04:00:00,1.59431,0.0,88.25,27.35
2026-09-08 05:00:00,10.50968,0.0,96.75,27.1
2026-09-08 06:00:00,270.38322,0.5,94.75,26.825
2026-09-08 07:00:00,1326.87391,81.0,88.25,28.1
2026-09-08 08:00:00,2328.9575499999996,287.5,86.25,29.675
2026-09-08 09:00:00,2647.7220500000003,524.0,87.25,32.0
2026-09-08 10:00:00,2793.71389,740.25,63.5,33.925000000000004
2026-09-08 11:00:00,2822.29489,868.75,62.0,35.425
2026-09-08 12:00:00,2888.9603199999997,923.0,66.0,36.5
2026-09-08 13:00:00,2764.1266600000004,890.5,69.0,37.225
2026-09-08 14:00:00,2596.1919900000003,815.5,58.5,36.925
2026-09-08 15:00:00,1985.90944,666.75,61.0,36.925
2026-09-08 16:00:00,1312.47235,466.5,63.25,35.875
2026-09-08 17:00:00,256.15174,265.0,51.25,34.75
2026-09-08 18:00:00,1.67109,74.25,75.25,33.525
2026-09-08 19:00:00,0.49256,0.0,43.75,32.925
2026-09-08 20:00:00,2.15184,0.0,38.25,31.6
2026-09-08 21:00:00,0.86817,0.0,34.25,30.575
2026-09-08 22:00:00,0.77647,0.0,38.0,29.85
2026-09-08 23:00:00,0.78171,0.0,31.75,29.424999999999997
2026-09-09 00:00:00,0.0,0.0,27.75,29.125
2026-09-09 01:00:00,0.0,0.0,44.75,28.775
2026-09-09 02:00:00,0.0,0.0,28.25,28.275
2026-09-09 03:00:00,0.0,0.0,32.75,27.95
2026-09-09 04:00:00,0.29962,0.0,34.75,27.775
2026-09-09 05:00:00,1.77937,0.0,35.75,27.45
2026-09-09 06:00:00,392.6872,0.5,36.5,27.25
2026-09-09 07:00:00,1685.79382,93.75,21.5,28.875
2026-09-09 08:00:00,2476.23196,317.5,37.0,31.275
2026-09-09 09:00:00,2773.57056,543.25,46.25,33.4
2026-09-09 10:00:00,2779.76888,733.5,35.5,35.1
2026-09-09 11:00:00,2667.42776,865.75,34.75,36.45
2026-09-09 12:00:00,2564.05829,948.75,53.75,37.75
2026-09-09 13:00:00,2426.4427400000004,917.5,60.75,38.775000000000006
2026-09-09 14:00:00,2314.41818,822.25,70.5,37.575
2026-09-09 15:00:00,2043.06569,657.25,72.5,37.175
2026-09-09 16:00:00,1194.96773,449.25,86.25,35.875
2026-09-09 17:00:00,194.59011999999998,262.75,94.5,34.6
2026-09-09 18:00:00,1.9935999999999998,63.75,94.25,32.849999999999994
2026-09-09 19:00:00,1.66101,0.0,90.5,32.4
2026-09-09 20:00:00,3.78277,0.0,94.25,31.450000000000003
2026-09-09 21:00:00,1.02981,0.0,91.0,30.724999999999998
2026-09-09 22:00:00,0.0,0.0,82.25,29.85
2026-09-09 23:00:00,0.0,0.0,87.5,29.3
2026-09-10 00:00:00,0.0,0.0,91.5,29.1
2026-09-10 01:00:00,0.0,0.0,93.0,29.075
2026-09-10 02:00:00,0.0,0.0,94.25,28.2
2026-09-10 03:00:00,0.0,0.0,79.75,28.2
2026-09-10 04:00:00,0.37415,0.0,76.5,27.95
2026-09-10 05:00:00,2.85827,0.0,73.25,27.625
2026-09-10 06:00:00,320.91598,0.75,75.0,27.1
2026-09-10 07:00:00,1378.39719,81.25,81.25,28.725
2026-09-10 08:00:00,2082.4866300000003,271.25,95.25,30.55
2026-09-10 09:00:00,2487.2410099999997,495.0,92.0,32.45
2026-09-10 10:00:00,2521.17175,679.0,82.25,33.95
2026-09-10 11:00:00,2622.81449,834.25,79.25,35.375
2026-09-10 12:00:00,2570.6913,832.75,79.0,36.15
2026-09-10 13:00:00,2319.7589900000003,814.5,78.5,35.875
2026-09-10 14:00:00,1897.7580500000001,655.5,97.5,34.6
2026-09-10 15:00:00,1286.81141,546.75,98.75,34.35
2026-09-10 16:00:00,711.36811,417.0,99.5,34.175
2026-09-10 17:00:00,204.46157,206.0,99.0,33.375
2026-09-10 18:00:00,2.2662000000000004,55.5,99.0,30.925
2026-09-10 19:00:00,1.57679,0.0,95.25,30.35
2026-09-10 20:00:00,2.9376599999999997,0.0,93.0,29.3
2026-09-10 21:00:00,0.0,0.0,90.75,29.025
2026-09-10 22:00:00,0.0,0.0,83.0,28.75
2026-09-10 23:00:00,0.0,0.0,76.75,27.9
2026-09-11 00:00:00,0.0,0.0,86.75,27.4
2026-09-11 01:00:00,0.0,0.0,98.25,27.3
2026-09-11 02:00:00,0.0,0.0,94.75,26.175
2026-09-11 03:00:00,0.0,0.0,98.0,26.05
2026-09-11 04:00:00,0.58604,0.0,99.0,25.9
2026-09-11 05:00:00,3.11761,0.0,97.5,25.75
2026-09-11 06:00:00,203.54832000000002,0.75,98.25,25.700000000000003
2026-09-11 07:00:00,754.91811,78.5,81.25,26.425
2026-09-11 08:00:00,1664.5341300000002,234.75,81.5,28.175
2026-09-11 09:00:00,2077.04068,466.0,77.0,30.299999999999997
2026-09-11 10:00:00,2551.9230300000004,670.0,67.5,32.2
2026-09-11 11:00:00,2712.1257,792.25,82.25,33.875
2026-09-11 12:00:00,2633.77728,871.5,66.25,35.325
2026-09-11 13:00:00,2356.86921,833.0,91.75,35.7
2026-09-11 14:00:00,1992.99649,755.75,90.5,35.825
2026-09-11 15:00:00,1769.27065,594.5,97.0,35.625
2026-09-11 16:00:00,903.8002999999999,403.5,90.0,33.25
2026-09-11 17:00:00,163.68467,218.0,86.75,31.8
2026-09-11 18:00:00,2.4901500000000003,56.0,90.75,30.7
2026-09-11 19:00:00,2.3550699999999996,0.0,98.5,31.2
2026-09-11 20:00:00,3.1446600000000005,0.0,90.0,30.5
2026-09-11 21:00:00,0.0035800000000000003,0.0,94.25,30.0
2026-09-11 22:00:00,0.0,0.0,99.0,29.375
2026-09-11 23:00:00,0.0,0.0,97.75,29.025
2026-09-12 00:00:00,0.0,0.0,96.0,28.65
2026-09-12 01:00:00,0.0,0.0,99.5,28.325
2026-09-12 02:00:00,0.0,0.0,98.0,27.875
2026-09-12 03:00:00,0.0,0.0,70.0,27.625
2026-09-12 04:00:00,0.53134,0.0,74.25,27.4
2026-09-12 05:00:00,3.0043,0.0,63.75,27.2
2026-09-12 06:00:00,350.35832,0.5,49.75,26.725
2026-09-12 07:00:00,1370.92581,89.25,22.75,28.35
2026-09-12 08:00:00,2136.60875,313.25,33.5,29.95
2026-09-12 09:00:00,2567.07808,534.0,37.0,31.849999999999998
2026-09-12 10:00:00,2655.1087399999997,706.25,42.5,33.525
2026-09-12 11:00:00,2732.34109,845.5,38.5,34.975
2026-09-12 12:00:00,2793.8381400000003,901.25,47.0,36.05
2026-09-12 13:00:00,2680.02738,895.25,51.75,36.5
2026-09-12 14:00:00,2072.07913,794.75,51.25,36.375
2026-09-12 15:00:00,1813.38832,643.0,47.0,35.85
2026-09-12 16:00:00,1046.14417,448.0,55.25,34.775
2026-09-12 17:00:00,244.08203,255.0,58.25,33.85
2026-09-12 18:00:00,2.16626,64.5,59.75,32.525
2026-09-12 19:00:00,2.07918,0.0,40.0,32.225
2026-09-12 20:00:00,3.59596,0.0,54.0,31.225
2026-09-12 21:00:00,0.8676,0.0,57.75,30.275
2026-09-12 22:00:00,0.02053,0.0,68.5,29.875
2026-09-12 23:00:00,0.0,0.0,41.5,29.425
2026-09-13 00:00:00,0.0,0.0,27.75,28.875
2026-09-13 01:00:00,0.0,0.0,31.0,28.9
2026-09-13 02:00:00,0.0,0.0,31.5,28.375
2026-09-13 03:00:00,0.0,0.0,35.25,28.025
2026-09-13 04:00:00,0.02114,0.0,47.25,27.75
2026-09-13 05:00:00,1.07062,0.0,51.75,27.5
2026-09-13 06:00:00,346.40954,0.75,53.75,27.15
2026-09-13 07:00:00,1419.5288899999998,83.25,93.0,28.25
2026-09-13 08:00:00,1978.98269,258.0,96.25,29.7
2026-09-13 09:00:00,2149.2383,483.0,88.75,31.85
2026-09-13 10:00:00,2298.5246,629.25,94.0,33.75
2026-09-13 11:00:00,2232.00382,697.0,92.5,34.95
2026-09-13 12:00:00,2087.98279,774.5,90.75,35.9
2026-09-13 13:00:00,1856.47175,722.0,84.5,34.85
2026-09-13 14:00:00,1485.67121,648.75,97.25,35.05
2026-09-13 15:00:00,1130.34393,584.5,94.75,34.300000000000004
2026-09-13 16:00:00,608.23613,398.0,93.25,34.15
2026-09-13 17:00:00,122.86052000000001,195.75,96.0,33.075
2026-09-13 18:00:00,1.99827,48.0,99.0,31.950000000000003
2026-09-13 19:00:00,2.58223,0.0,100.0,31.75
2026-09-13 20:00:00,2.87925,0.0,100.0,31.025
2026-09-13 21:00:00,0.00035,0.0,99.5,30.424999999999997
2026-09-13 22:00:00,0.00035,0.0,99.25,29.825
2026-09-13 23:00:00,0.0,0.0,99.25,29.2
2026-09-14 00:00:00,0.00035,0.0,98.25,28.675
2026-09-14 01:00:00,0.00035,0.0,100.0,28.45
2026-09-14 02:00:00,0.0,0.0,98.5,28.05
2026-09-14 03:00:00,0.00035,0.0,94.5,27.85
2026-09-14 04:00:00,0.15799,0.0,97.0,27.625
2026-09-14 05:00:00,2.4480099999999996,0.0,97.5,27.625
2026-09-14 06:00:00,276.57887,0.25,94.25,27.45
2026-09-14 07:00:00,1295.2768700000001,61.75,92.5,28.125
2026-09-14 08:00:00,2020.73489,241.75,84.75,29.95
2026-09-14 09:00:00,2559.9076999999997,456.25,74.75,32.025
2026-09-14 10:00:00,2667.13198,691.75,77.5,34.05
2026-09-14 11:00:00,2432.62681,731.5,78.25,35.1
2026-09-14 12:00:00,2287.75389,864.75,84.5,36.125
2026-09-14 13:00:00,2256.7277,828.75,94.25,35.875
2026-09-14 14:00:00,2030.8367700000001,660.0,71.25,35.25
2026-09-14 15:00:00,1563.1026100000001,532.0,81.5,34.9
2026-09-14 16:00:00,744.89857,393.25,91.75,34.875
2026-09-14 17:00:00,173.6174,193.5,85.5,33.05
2026-09-14 18:00:00,2.2327,49.5,92.75,31.85
2026-09-14 19:00:00,2.0880900000000002,0.0,90.75,31.125
2026-09-14 20:00:00,3.66282,0.0,96.75,30.125
2026-09-14 21:00:00,0.11927,0.0,97.0,29.65
2026-09-14 22:00:00,0.0002,0.0,95.25,29.5
2026-09-14 23:00:00,0.00020999999999999998,0.0,98.25,29.1
2026-09-15 00:00:00,0.00057,0.0,90.0,28.625
2026-09-15 01:00:00,0.0002,0.0,99.5,28.075
2026-09-15 02:00:00,0.00055,0.0,95.0,27.725
2026-09-15 03:00:00,0.00054,0.0,96.25,27.525
2026-09-15 04:00:00,0.35416,0.0,94.5,27.425
2026-09-15 05:00:00,2.6539099999999998,0.0,92.0,27.125
2026-09-15 06:00:00,197.7757,0.75,91.25,26.65
2026-09-15 07:00:00,838.90678,75.0,88.75,27.925
2026-09-15 08:00:00,1934.80801,257.0,81.5,29.275
2026-09-15 09:00:00,2684.17196,502.25,74.75,31.475
2026-09-15 10:00:00,2757.4125400000003,706.5,78.75,33.325
2026-09-15 11:00:00,2475.94518,797.25,96.75,34.825
2026-09-15 12:00:00,2424.7063700000003,830.5,88.25,36.125
2026-09-15 13:00:00,2177.9586600000002,769.0,95.5,36.5
2026-09-15 14:00:00,1886.71454,684.25,86.25,36.325
2026-09-15 15:00:00,1470.6756699999999,572.0,96.5,33.55
2026-09-15 16:00:00,681.2730600000001,346.0,94.75,32.65
2026-09-15 17:00:00,114.73164,173.5,99.25,31.775
2026-09-15 18:00:00,2.05444,42.5,98.5,30.275
2026-09-15 19:00:00,2.0328600000000003,0.0,94.5,30.424999999999997
2026-09-15 20:00:00,2.96643,0.0,97.0,29.4
2026-09-15 21:00:00,0.0,0.0,98.25,28.725
2026-09-15 22:00:00,0.0,0.0,96.0,28.55
2026-09-15 23:00:00,0.0,0.0,99.75,28.075
2026-09-16 00:00:00,0.0,0.0,100.0,27.425
2026-09-16 01:00:00,0.0,0.0,98.25,27.1
2026-09-16 02:00:00,0.0,0.0,100.0,26.625
2026-09-16 03:00:00,0.0,0.0,100.0,26.45
2026-09-16 04:00:00,0.50397,0.0,100.0,26.3
2026-09-16 05:00:00,3.2094699999999996,0.0,100.0,26.15
2026-09-16 06:00:00,187.40741,0.25,99.0,26.0
2026-09-16 07:00:00,909.1291,45.75,95.5,25.725
2026-09-16 08:00:00,1597.9795,202.25,97.0,27.025
2026-09-16 09:00:00,1807.91671,399.25,96.5,29.125
2026-09-16 10:00:00,2222.32779,565.5,97.75,31.15
2026-09-16 11:00:00,2332.7681000000002,720.25,84.75,32.825
2026-09-16 12:00:00,2421.75298,769.25,58.25,33.95
2026-09-16 13:00:00,2248.36935,779.0,60.5,35.025
2026-09-16 14:00:00,1975.34045,746.5,71.25,34.825
2026-09-16 15:00:00,1470.9663400000002,582.25,73.25,34.875
2026-09-16 16:00:00,802.67997,427.0,92.75,34.574999999999996
2026-09-16 17:00:00,149.92229999999998,231.75,76.5,34.1
2026-09-16 18:00:00,1.91677,56.0,89.75,32.125
2026-09-16 19:00:00,2.51496,0.0,88.25,31.025000000000002
2026-09-16 20:00:00,3.5662399999999996,0.0,95.5,30.225
2026-09-16 21:00:00,0.0,0.0,97.5,29.625
2026-09-16 22:00:00,0.0,0.0,86.75,29.35
2026-09-16 23:00:00,0.0,0.0,74.5,28.875
2026-09-17 00:00:00,0.0,0.0,70.0,28.45
2026-09-17 01:00:00,0.0,0.0,77.0,28.15
2026-09-17 02:00:00,0.0,0.0,64.75,27.75
2026-09-17 03:00:00,0.0,0.0,37.0,27.4
2026-09-17 04:00:00,0.5829500000000001,0.0,26.0,27.125
2026-09-17 05:00:00,3.2370900000000002,0.0,9.75,27.05
2026-09-17 06:00:00,404.38241999999997,0.75,5.25,26.924999999999997
2026-09-17 07:00:00,1646.75242,100.75,9.75,28.1
2026-09-17 08:00:00,2394.17192,325.5,23.0,30.325000000000003
2026-09-17 09:00:00,2754.74971,543.5,23.5,32.675
2026-09-17 10:00:00,2893.67249,739.5,19.5,34.575
2026-09-17 11:00:00,2832.3692400000004,884.5,30.5,36.225
2026-09-17 12:00:00,2786.75231,947.75,36.0,37.425
2026-09-17 13:00:00,2651.23443,908.0,26.25,37.9
2026-09-17 14:00:00,2334.5799500000003,852.25,38.0,37.65
2026-09-17 15:00:00,2092.72562,696.75,40.75,37.6
2026-09-17 16:00:00,1255.7411000000002,488.5,84.5,37.2
2026-09-17 17:00:00,227.65927,245.75,90.5,34.725
2026-09-17 18:00:00,2.32162,57.5,67.25,32.75
2026-09-17 19:00:00,2.2106,0.0,35.0,32.375
2026-09-17 20:00:00,3.73552,0.0,22.0,31.575
2026-09-17 21:00:00,0.487,0.0,25.25,30.65
2026-09-17 22:00:00,0.0,0.0,27.5,30.275
2026-09-17 23:00:00,0.0,0.0,7.5,29.950000000000003
2026-09-18 00:00:00,0.0,0.0,2.25,29.375
2026-09-18 01:00:00,0.0,0.0,4.5,29.025
2026-09-18 02:00:00,0.0,0.0,6.25,28.675
2026-09-18 03:00:00,0.0,0.0,12.0,28.375
2026-09-18 04:00:00,0.81984,0.0,16.5,28.125
2026-09-18 05:00:00,2.27987,0.0,23.25,27.8
2026-09-18 06:00:00,413.39640999999995,1.0,20.5,27.425
2026-09-18 07:00:00,1704.01212,99.5,26.0,28.8
2026-09-18 08:00:00,2458.0478900000003,302.5,42.5,30.775
2026-09-18 09:00:00,2716.19738,547.5,44.0,33.2
2026-09-18 10:00:00,2846.0437599999996,745.0,46.5,35.0
2026-09-18 11:00:00,2751.781,858.75,65.0,36.45
2026-09-18 12:00:00,2843.47622,909.25,69.0,37.275000000000006
2026-09-18 13:00:00,2558.4509199999998,886.25,75.5,38.075
2026-09-18 14:00:00,2165.22288,771.0,75.75,37.075
2026-09-18 15:00:00,1260.02178,623.5,82.25,37.075
2026-09-18 16:00:00,511.99278999999996,367.75,88.5,36.0
2026-09-18 17:00:00,95.81053,221.5,86.5,34.3
2026-09-18 18:00:00,1.88925,49.5,94.25,32.7
2026-09-18 19:00:00,2.40889,0.0,95.5,31.05
2026-09-18 20:00:00,3.7000900000000003,0.0,98.75,31.1
2026-09-18 21:00:00,0.8657999999999999,0.0,97.5,31.0
2026-09-18 22:00:00,0.02563,0.0,96.5,30.5
2026-09-18 23:00:00,0.0,0.0,99.0,29.825
2026-09-19 00:00:00,0.0,0.0,98.5,29.35
2026-09-19 01:00:00,0.00156,0.0,92.0,29.225
2026-09-19 02:00:00,0.00177,0.0,82.0,28.575
2026-09-19 03:00:00,0.0017800000000000001,0.0,87.5,27.75
2026-09-19 04:00:00,0.29836,0.0,89.5,27.4
2026-09-19 05:00:00,2.75671,0.0,81.0,27.225
2026-09-19 06:00:00,287.12557,1.0,98.75,26.7
2026-09-19 07:00:00,963.38951,56.25,93.75,27.35
2026-09-19 08:00:00,1393.5458500000002,263.0,96.25,28.7
2026-09-19 09:00:00,1859.7359099999999,476.5,94.5,30.65
2026-09-19 10:00:00,2057.03222,603.5,95.5,32.25
2026-09-19 11:00:00,1873.14665,723.75,97.75,33.45
2026-09-19 12:00:00,1338.06931,753.75,96.0,34.4
2026-09-19 13:00:00,1205.0351,779.5,92.75,32.975
2026-09-19 14:00:00,940.00288,565.25,85.25,32.525
2026-09-19 15:00:00,785.06257,563.25,83.75,33.225
2026-09-19 16:00:00,436.72234999999995,396.5,95.25,32.975
2026-09-19 17:00:00,128.75961,189.5,93.75,32.075
2026-09-19 18:00:00,2.3752199999999997,46.25,81.25,30.950000000000003
2026-09-19 19:00:00,1.8747,0.0,93.75,30.3
2026-09-19 20:00:00,3.5266800000000003,0.0,94.5,29.525
2026-09-19 21:00:00,0.0,0.0,88.25,28.425
2026-09-19 22:00:00,0.00035,0.0,85.0,27.9
2026-09-19 23:00:00,0.00035,0.0,83.0,27.6
2026-09-20 00:00:00,0.0,0.0,77.0,27.275
2026-09-20 01:00:00,0.00035,0.0,72.75,27.1
2026-09-20 02:00:00,0.00035,0.0,84.0,26.4
2026-09-20 03:00:00,0.0,0.0,92.25,26.075
2026-09-20 04:00:00,0.35177,0.0,96.25,25.85
2026-09-20 05:00:00,2.69734,0.0,97.75,25.6
2026-09-20 06:00:00,371.33064,0.75,88.5,25.55
2026-09-20 07:00:00,1443.28202,87.25,88.0,26.825
2026-09-20 08:00:00,2145.82096,279.0,96.25,28.325
2026-09-20 09:00:00,2476.91247,464.0,97.25,29.625
2026-09-20 10:00:00,2782.60758,685.0,83.25,31.3
2026-09-20 11:00:00,2775.0921200000003,828.75,80.25,32.85
2026-09-20 12:00:00,2842.7885899999997,899.0,77.5,34.25
2026-09-20 13:00:00,2653.0313,864.75,62.25,35.075
2026-09-20 14:00:00,2464.3001,800.25,79.25,34.25
2026-09-20 15:00:00,1897.70668,574.0,73.75,33.875
2026-09-20 16:00:00,980.32625,415.25,68.0,33.75
2026-09-20 17:00:00,153.736,210.25,73.0,32.45
2026-09-20 18:00:00,2.32203,46.5,59.25,29.8
2026-09-20 19:00:00,2.05307,0.0,70.0,30.975
2026-09-20 20:00:00,3.76537,0.0,67.0,30.400000000000002
2026-09-20 21:00:00,0.57488,0.0,68.25,29.775000000000002
2026-09-20 22:00:00,0.00014000000000000001,0.0,80.25,29.525
2026-09-20 23:00:00,0.00013000000000000002,0.0,78.5,29.05
2026-09-21 00:00:00,8.999999999999999e-05,0.0,58.25,28.3
2026-09-21 01:00:00,5.9999999999999995e-05,0.0,74.75,28.45
2026-09-21 02:00:00,2e-05,0.0,82.5,27.175
2026-09-21 03:00:00,1e-05,0.0,84.25,27.025
2026-09-21 04:00:00,0.47929,0.0,84.25,26.775
2026-09-21 05:00:00,6.40614,0.0,84.0,26.299999999999997
2026-09-21 06:00:00,247.65948,0.75,87.75,26.075
2026-09-21 07:00:00,1039.59644,81.25,85.0,27.0
2026-09-21 08:00:00,1506.40196,287.5,84.0,28.2
2026-09-21 09:00:00,2016.2106999999999,476.25,97.75,29.799999999999997
2026-09-21 10:00:00,2051.23005,601.5,90.0,31.05
2026-09-21 11:00:00,1831.43361,687.5,88.0,32.0
2026-09-21 12:00:00,1987.95828,788.0,88.0,33.175
2026-09-21 13:00:00,2023.7186399999998,769.25,89.75,33.525
2026-09-21 14:00:00,1672.34726,725.0,91.0,32.8
2026-09-21 15:00:00,1482.78059,508.75,87.25,31.775
2026-09-21 16:00:00,854.6493,314.25,65.25,31.924999999999997
2026-09-21 17:00:00,147.33431,218.0,73.75,31.175
2026-09-21 18:00:00,2.4544200000000003,47.75,94.0,29.6
2026-09-21 19:00:00,2.0512799999999998,0.0,83.75,30.175
2026-09-21 20:00:00,3.58179,0.0,87.0,29.575
2026-09-21 21:00:00,0.96102,0.0,87.25,29.05
2026-09-21 22:00:00,0.024829999999999998,0.0,88.0,28.7
2026-09-21 23:00:00,0.00035,0.0,82.75,28.4
2026-09-22 00:00:00,0.00035,0.0,83.5,27.95
2026-09-22 01:00:00,0.00035,0.0,61.75,27.725
2026-09-22 02:00:00,0.0,0.0,59.25,27.025
2026-09-22 03:00:00,0.00035,0.0,47.75,26.625
2026-09-22 04:00:00,0.7011900000000001,0.0,43.5,26.45
2026-09-22 05:00:00,5.193710000000001,0.0,49.5,26.175
2026-09-22 06:00:00,434.48803,1.0,41.5,25.95
2026-09-22 07:00:00,1583.91896,93.0,46.75,27.9
2026-09-22 08:00:00,2301.8654500000002,314.0,51.5,29.375
2026-09-22 09:00:00,2590.16469,527.5,36.75,30.85
2026-09-22 10:00:00,2660.55141,720.5,57.25,32.25
2026-09-22 11:00:00,2567.3069100000002,819.25,63.75,33.225
2026-09-22 12:00:00,2645.0852999999997,859.25,84.75,33.875
2026-09-22 13:00:00,2386.60154,727.0,73.5,33.9
2026-09-22 14:00:00,2159.62025,738.25,75.75,33.7
2026-09-22 15:00:00,1458.98187,607.25,70.5,33.3
2026-09-22 16:00:00,690.21907,408.0,82.75,32.7
2026-09-22 17:00:00,134.37992000000003,215.5,96.25,31.55
2026-09-22 18:00:00,2.2821599999999997,44.75,91.0,30.424999999999997
2026-09-22 19:00:00,1.70877,0.0,96.25,30.625
2026-09-22 20:00:00,2.85131,0.0,98.0,29.950000000000003
2026-09-22 21:00:00,0.6548999999999999,0.0,95.5,29.575000000000003
2026-09-22 22:00:00,0.75154,0.0,75.75,29.15
2026-09-22 23:00:00,0.0,0.0,86.0,28.2
2026-09-23 00:00:00,0.0,0.0,75.0,27.4
2026-09-23 01:00:00,0.0,0.0,80.75,26.95
2026-09-23 02:00:00,0.0,0.0,82.0,26.65
2026-09-23 03:00:00,0.0,0.0,77.75,26.225
2026-09-23 04:00:00,0.26165,0.0,97.0,26.075
2026-09-23 05:00:00,2.87762,0.0,92.0,25.725
2026-09-23 06:00:00,341.70512,0.75,83.25,25.55
2026-09-23 07:00:00,1131.3001100000001,84.75,56.75,27.075
2026-09-23 08:00:00,1713.77898,290.5,60.75,28.8
2026-09-23 09:00:00,2295.2926899999998,480.5,50.0,30.45
2026-09-23 10:00:00,2670.4668500000002,641.75,55.5,31.75
2026-09-23 11:00:00,2920.82477,821.0,61.25,33.15
2026-09-23 12:00:00,2848.9876200000003,908.5,66.0,34.075
2026-09-23 13:00:00,2752.63282,812.25,70.75,35.1
2026-09-23 14:00:00,2479.27169,766.0,70.75,34.725
2026-09-23 15:00:00,1793.98269,561.75,58.25,33.575
2026-09-23 16:00:00,869.5359100000001,395.0,61.25,33.35
2026-09-23 17:00:00,159.96976,209.75,70.5,31.875
2026-09-23 18:00:00,1.29383,41.75,75.0,29.975
2026-09-23 19:00:00,1.90376,0.0,72.75,30.425
2026-09-23 20:00:00,2.63699,0.0,71.5,29.65
2026-09-23 21:00:00,0.12239,0.0,84.25,29.25
2026-09-23 22:00:00,0.0,0.0,83.25,28.35
2026-09-23 23:00:00,0.0,0.0,91.75,27.75
2026-09-24 00:00:00,0.0,0.0,94.25,26.675
2026-09-24 01:00:00,0.0,0.0,96.75,27.325
2026-09-24 02:00:00,0.0,0.0,86.75,26.1
2026-09-24 03:00:00,0.0,0.0,92.25,25.25
2026-09-24 04:00:00,0.48749000000000003,0.0,95.5,24.875
2026-09-24 05:00:00,3.6082400000000003,0.0,94.5,24.475
2026-09-24 06:00:00,261.74425,0.75,92.75,24.4
2026-09-24 07:00:00,1206.11698,80.5,90.5,25.725
2026-09-24 08:00:00,2085.13152,265.5,85.0,27.075
2026-09-24 09:00:00,2594.59404,498.0,69.75,29.4
2026-09-24 10:00:00,2813.33886,694.25,65.75,31.35
2026-09-24 11:00:00,2939.3480499999996,829.5,84.25,33.075
2026-09-24 12:00:00,2897.6279699999996,876.75,77.0,34.199999999999996
2026-09-24 13:00:00,2541.10343,916.5,72.0,35.975
2026-09-24 14:00:00,2362.9597799999997,816.25,75.0,35.05
2026-09-24 15:00:00,1880.11086,663.5,73.75,34.75
2026-09-24 16:00:00,960.78672,458.0,80.25,33.1
2026-09-24 17:00:00,148.38813000000002,204.0,82.25,31.9
2026-09-24 18:00:00,1.45143,43.5,87.5,29.799999999999997
2026-09-24 19:00:00,1.9427,0.0,89.0,30.5
2026-09-24 20:00:00,2.98147,0.0,83.25,28.75
2026-09-24 21:00:00,0.87981,0.0,89.25,28.05
2026-09-24 22:00:00,0.026,0.0,72.75,27.7
2026-09-24 23:00:00,0.0,0.0,82.25,27.275
2026-09-25 00:00:00,0.0,0.0,85.0,26.95
2026-09-25 01:00:00,0.0,0.0,93.5,26.8
2026-09-25 02:00:00,0.0,0.0,95.5,26.325
2026-09-25 03:00:00,1.6171900000000001,0.0,90.75,26.175
2026-09-25 04:00:00,0.37795999999999996,0.0,79.75,25.475
2026-09-25 05:00:00,3.8329,0.0,90.25,25.3
2026-09-25 06:00:00,269.97996,1.0,91.0,25.175
2026-09-25 07:00:00,855.8254499999999,81.25,78.25,25.425
2026-09-25 08:00:00,1558.09238,281.75,93.5,26.425
2026-09-25 09:00:00,2014.44161,430.75,95.5,27.825
2026-09-25 10:00:00,2252.19018,625.5,97.5,29.025
2026-09-25 11:00:00,2318.2995499999997,713.25,87.0,30.125
2026-09-25 12:00:00,2494.2818500000003,709.75,91.5,30.15
2026-09-25 13:00:00,2028.5468,703.75,92.75,31.825
2026-09-25 14:00:00,1551.58163,616.0,94.5,30.275
2026-09-25 15:00:00,1122.6436199999998,456.25,87.0,29.875
2026-09-25 16:00:00,699.67592,337.5,79.0,29.65
2026-09-25 17:00:00,112.04982,191.25,81.0,28.675
2026-09-25 18:00:00,1.61755,35.75,86.0,27.675
2026-09-25 19:00:00,2.16229,0.0,92.75,27.325
2026-09-25 20:00:00,3.80086,0.0,88.75,26.675
2026-09-25 21:00:00,0.38126,0.0,85.0,26.45
2026-09-25 22:00:00,0.0,0.0,82.25,26.375
2026-09-25 23:00:00,0.0,0.0,89.5,26.25
2026-09-26 00:00:00,0.0,0.0,95.5,26.175
2026-09-26 01:00:00,0.0,0.0,93.75,25.875
2026-09-26 02:00:00,0.0,0.0,90.0,25.3
2026-09-26 03:00:00,0.0,0.0,85.75,25.175
2026-09-26 04:00:00,0.78995,0.0,89.75,25.05
2026-09-26 05:00:00,2.52365,0.0,95.5,24.875
2026-09-26 06:00:00,185.48236000000003,0.75,92.25,24.275
2026-09-26 07:00:00,875.3849299999999,42.5,84.25,25.325
2026-09-26 08:00:00,1576.38765,190.75,93.5,26.075
2026-09-26 09:00:00,1944.255,372.75,98.25,27.225
2026-09-26 10:00:00,2217.49709,446.0,98.0,28.25
2026-09-26 11:00:00,1673.48424,578.5,90.75,29.55
2026-09-26 12:00:00,1643.12605,594.25,81.25,30.15
2026-09-26 13:00:00,1468.43525,647.75,79.75,30.525
2026-09-26 14:00:00,1145.9151200000001,459.75,83.75,30.15
2026-09-26 15:00:00,790.0572199999999,455.25,85.5,30.349999999999998
2026-09-26 16:00:00,495.20444,304.5,87.0,29.525000000000002
2026-09-26 17:00:00,68.34881999999999,148.5,89.75,28.775
2026-09-26 18:00:00,0.70467,27.0,97.25,27.8
2026-09-26 19:00:00,0.8694,0.0,87.75,28.125
2026-09-26 20:00:00,0.7697,0.0,89.0,27.725
2026-09-26 21:00:00,1.74597,0.0,81.0,27.45
2026-09-26 22:00:00,2.58297,0.0,84.75,27.125
2026-09-26 23:00:00,0.48804999999999993,0.0,84.0,26.775
2026-09-27 00:00:00,0.0,0.0,87.5,25.675
2026-09-27 01:00:00,0.0,0.0,97.5,25.1
2026-09-27 02:00:00,0.0,0.0,96.25,24.625
2026-09-27 03:00:00,0.0,0.0,84.5,24.4
2026-09-27 04:00:00,0.40652,0.0,92.5,24.15
2026-09-27 05:00:00,3.53065,0.0,96.0,24.15
2026-09-27 06:00:00,290.03399,1.0,97.75,24.05
2026-09-27 07:00:00,1145.76605,64.0,97.25,25.3
2026-09-27 08:00:00,1671.5932,197.5,98.5,26.2
2026-09-27 09:00:00,2272.0467799999997,359.5,91.25,27.3
2026-09-27 10:00:00,2252.41275,394.75,92.75,27.825
2026-09-27 11:00:00,2181.3366800000003,449.0,91.75,28.299999999999997
2026-09-27 12:00:00,2514.78562,539.25,88.25,29.175
2026-09-27 13:00:00,2244.6664100000003,520.5,55.5,30.099999999999998
2026-09-27 14:00:00,1809.20548,681.25,34.25,30.725
2026-09-27 15:00:00,1373.08316,647.0,49.25,30.85
2026-09-27 16:00:00,795.89417,443.5,49.5,30.55
2026-09-27 17:00:00,115.73782000000001,220.25,52.25,29.85
2026-09-27 18:00:00,0.8414499999999999,38.25,65.25,28.225
2026-09-27 19:00:00,1.66421,0.0,84.5,28.375
2026-09-27 20:00:00,2.91055,0.0,93.25,27.65
2026-09-27 21:00:00,1.00243,0.0,94.5,27.1
2026-09-27 22:00:00,0.00027,0.0,94.0,26.275
2026-09-27 23:00:00,0.0,0.0,96.0,25.8
2026-09-28 00:00:00,0.0012,0.0,94.0,25.575
2026-09-28 01:00:00,0.0,0.0,90.0,25.475
2026-09-28 02:00:00,0.0,0.0,94.0,25.25
2026-09-28 03:00:00,0.0,0.0,93.5,24.9
2026-09-28 04:00:00,0.19201,0.0,95.25,24.35
2026-09-28 05:00:00,1.7779800000000001,0.0,94.25,24.1
2026-09-28 06:00:00,221.23579,1.0,97.75,24.025
2026-09-28 07:00:00,653.34881,68.75,98.75,24.4
2026-09-28 08:00:00,1091.60079,185.75,99.25,25.225
2026-09-28 09:00:00,1803.83031,328.75,99.25,26.3
2026-09-28 10:00:00,2199.98264,496.0,96.75,27.7
2026-09-28 11:00:00,2410.1263,670.5,85.75,29.075
2026-09-28 12:00:00,2340.28759,758.25,72.25,30.2
2026-09-28 13:00:00,2235.57944,741.0,68.75,30.55
2026-09-28 14:00:00,1733.19093,711.75,65.25,30.475
2026-09-28 15:00:00,1512.34296,559.5,61.0,29.975
2026-09-28 16:00:00,881.28815,382.75,64.0,29.225
2026-09-28 17:00:00,129.84016,197.5,74.75,28.8
2026-09-28 18:00:00,0.92011,40.25,77.75,27.575
2026-09-28 19:00:00,0.6213200000000001,0.0,52.75,27.725
2026-09-28 20:00:00,1.8524200000000002,0.0,58.25,27.175
2026-09-28 21:00:00,2.1145300000000002,0.0,63.5,26.725
2026-09-28 22:00:00,0.024399999999999998,0.0,66.75,26.5
2026-09-28 23:00:00,0.0,0.0,36.25,26.275000000000002
2026-09-29 00:00:00,0.0,0.0,38.5,26.225
2026-09-29 01:00:00,0.0,0.0,17.0,26.3
2026-09-29 02:00:00,0.0,0.0,20.5,25.925
2026-09-29 03:00:00,0.0,0.0,18.25,25.75
2026-09-29 04:00:00,0.78383,0.0,10.5,25.475
2026-09-29 05:00:00,6.110080000000001,0.0,16.75,25.15
2026-09-29 06:00:00,438.1705,1.25,20.25,24.9
2026-09-29 07:00:00,1524.20447,107.5,21.75,26.825
2026-09-29 08:00:00,2436.6623999999997,335.5,19.75,28.425
2026-09-29 09:00:00,2876.73023,569.25,24.5,30.025
2026-09-29 10:00:00,2878.9261800000004,767.5,32.5,31.349999999999998
2026-09-29 11:00:00,2846.2396200000003,885.5,40.75,32.575
2026-09-29 12:00:00,2799.94027,933.25,42.5,33.475
2026-09-29 13:00:00,2689.10846,907.75,34.25,34.25
2026-09-29 14:00:00,2391.53829,833.0,51.75,34.275000000000006
2026-09-29 15:00:00,1985.9128699999999,673.5,58.5,34.1
2026-09-29 16:00:00,1172.07127,449.25,57.75,33.55
2026-09-29 17:00:00,150.31611,233.75,56.0,31.974999999999998
2026-09-29 18:00:00,0.47545,43.0,56.0,29.95
2026-09-29 19:00:00,0.00726,0.0,64.5,29.5
2026-09-29 20:00:00,0.0018,0.0,80.0,28.75
2026-09-29 21:00:00,1.0500399999999999,0.0,64.5,28.45
2026-09-29 22:00:00,1.0779,0.0,94.0,28.225
2026-09-29 23:00:00,0.76309,0.0,96.75,28.1
2026-09-30 00:00:00,0.0,0.0,91.0,27.725
2026-09-30 01:00:00,0.0,0.0,93.25,27.725
2026-09-30 02:00:00,0.0,0.0,75.5,27.375
2026-09-30 03:00:00,0.0,0.0,63.5,26.9
2026-09-30 04:00:00,1.1553,0.0,91.5,26.125
2026-09-30 05:00:00,7.500559999999999,0.0,82.75,25.85
2026-09-30 06:00:00,377.50946000000005,1.25,86.75,25.825
2026-09-30 07:00:00,1317.91692,82.5,94.25,27.0
2026-09-30 08:00:00,1858.8684099999998,273.75,97.25,28.375
2026-09-30 09:00:00,2268.42794,508.0,94.0,30.075
2026-09-30 10:00:00,2702.44233,682.0,92.75,31.525
2026-09-30 11:00:00,2725.85271,800.0,94.0,32.4
2026-09-30 12:00:00,2653.43078,853.75,95.5,33.05
2026-09-30 13:00:00,2377.7765500000005,813.75,94.5,33.95
2026-09-30 14:00:00,1568.29401,683.75,82.25,33.225
2026-09-30 15:00:00,1121.39085,495.25,79.0,31.175
2026-09-30 16:00:00,438.27261,318.75,91.25,30.775000000000002
2026-09-30 17:00:00,51.289910000000006,187.0,97.5,29.1
2026-09-30 18:00:00,1.18407,27.5,98.75,27.4
2026-09-30 19:00:00,0.90283,0.0,96.5,27.575
2026-09-30 20:00:00,0.61214,0.0,99.5,27.275
2026-09-30 21:00:00,0.6145499999999999,0.0,99.25,27.3
2026-09-30 22:00:00,2.0955500000000002,0.0,97.75,27.1
2026-09-30 23:00:00,1.27677,0.0,95.5,26.65
2026-10-01 00:00:00,0.0,0.0,93.25,26.325000000000003
2026-10-01 01:00:00,0.0,0.0,96.75,26.25
2026-10-01 02:00:00,0.0,0.0,98.5,26.05
2026-10-01 03:00:00,0.0,0.0,78.75,25.15
2026-10-01 04:00:00,0.00047,0.0,79.5,25.1
2026-10-01 05:00:00,0.55102,0.0,81.25,24.975
2026-10-01 06:00:00,297.71254,1.0,79.0,25.025
2026-10-01 07:00:00,1087.24521,76.75,77.75,25.8
2026-10-01 08:00:00,1787.8415,244.0,83.75,26.825
2026-10-01 09:00:00,2145.3223399999997,450.0,88.25,28.15
2026-10-01 10:00:00,2497.7468799999997,563.25,92.5,29.45
2026-10-01 11:00:00,2618.71236,684.0,94.5,30.5
2026-10-01 12:00:00,2637.92076,840.5,84.25,31.625
2026-10-01 13:00:00,2631.83207,863.75,84.25,32.325
2026-10-01 14:00:00,2157.8336600000002,792.5,79.75,32.45
2026-10-01 15:00:00,1551.25911,634.25,94.5,32.3
2026-10-01 16:00:00,813.42135,418.75,94.0,31.6
2026-10-01 17:00:00,109.32506,182.25,91.25,30.35
2026-10-01 18:00:00,0.8569199999999999,37.75,88.5,28.85
2026-10-01 19:00:00,0.78049,0.0,96.0,28.4
2026-10-01 20:00:00,0.09956,0.0,95.0,27.875
2026-10-01 21:00:00,0.0,0.0,92.0,27.55
2026-10-01 22:00:00,0.0,0.0,95.0,27.175
2026-10-01 23:00:00,0.0,0.0,97.5,26.975
2026-10-02 00:00:00,0.001,0.0,95.25,26.75
2026-10-02 01:00:00,0.00131,0.0,94.0,27.175
2026-10-02 02:00:00,0.0011,0.0,91.5,26.75
2026-10-02 03:00:00,0.00102,0.0,86.25,25.625
2026-10-02 04:00:00,0.26095,0.0,97.75,25.5
2026-10-02 05:00:00,3.0853900000000003,0.0,97.75,25.35
2026-10-02 06:00:00,314.21698,1.25,97.5,24.975
2026-10-02 07:00:00,1008.6555699999999,85.5,96.75,26.525
2026-10-02 08:00:00,1516.2519399999999,301.75,98.25,27.975
2026-10-02 09:00:00,1840.22652,496.75,95.5,29.3
2026-10-02 10:00:00,2178.0991400000003,703.5,90.5,30.55
2026-10-02 11:00:00,2223.14603,801.0,87.5,31.150000000000002
2026-10-02 12:00:00,2266.93004,843.25,86.25,31.525
2026-10-02 13:00:00,2038.25609,830.75,92.25,31.875
2026-10-02 14:00:00,1295.1790700000001,735.0,98.25,31.275
2026-10-02 15:00:00,740.02348,550.5,98.75,30.775000000000002
2026-10-02 16:00:00,362.63809999999995,345.5,98.5,29.5
2026-10-02 17:00:00,65.00058,153.0,99.25,28.825
2026-10-02 18:00:00,1.20874,27.75,95.25,27.675
2026-10-02 19:00:00,1.5538299999999998,0.0,89.0,27.825
2026-10-02 20:00:00,2.88255,0.0,87.0,26.725
2026-10-02 21:00:00,0.57528,0.0,97.0,26.35
2026-10-02 22:00:00,0.0,0.0,93.5,25.675
2026-10-02 23:00:00,0.0,0.0,91.0,25.2
2026-10-03 00:00:00,0.0,0.0,96.75,25.175
2026-10-03 01:00:00,0.0,0.0,97.5,25.35
2026-10-03 02:00:00,0.0,0.0,98.25,24.975
2026-10-03 03:00:00,0.0,0.0,97.25,24.75
2026-10-03 04:00:00,0.391,0.0,99.25,24.625
2026-10-03 05:00:00,2.42068,0.0,99.5,24.5
2026-10-03 06:00:00,230.04762,1.0,96.75,24.45
2026-10-03 07:00:00,848.27129,71.5,93.0,25.1
2026-10-03 08:00:00,1133.92123,179.5,97.0,25.925
2026-10-03 09:00:00,1527.9713700000002,332.75,99.5,26.8
2026-10-03 10:00:00,1828.65597,401.0,99.75,27.45
2026-10-03 11:00:00,1908.12082,481.5,100.0,28.15
2026-10-03 12:00:00,1784.23595,485.0,99.75,28.75
2026-10-03 13:00:00,1696.61427,470.25,100.0,28.049999999999997
2026-10-03 14:00:00,1437.93821,376.5,100.0,28.224999999999998
2026-10-03 15:00:00,959.2165,342.75,100.0,28.425
2026-10-03 16:00:00,519.43416,269.25,100.0,28.1
2026-10-03 17:00:00,77.38161,143.75,100.0,27.55
2026-10-03 18:00:00,0.66511,24.25,99.75,26.525
2026-10-03 19:00:00,0.8165,0.0,100.0,26.575000000000003
2026-10-03 20:00:00,1.22393,0.0,98.0,26.275
2026-10-03 21:00:00,2.66585,0.0,97.0,25.975
2026-10-03 22:00:00,0.0,0.0,96.5,25.725
2026-10-03 23:00:00,0.0,0.0,95.75,25.575
2026-10-04 00:00:00,0.0,0.0,97.0,25.4
2026-10-04 01:00:00,0.0,0.0,99.5,25.65
2026-10-04 02:00:00,0.0,0.0,96.75,25.25
2026-10-04 03:00:00,0.0,0.0,99.5,25.0
2026-10-04 04:00:00,0.64752,0.0,97.25,24.75
2026-10-04 05:00:00,3.30207,0.0,98.5,24.6
2026-10-04 06:00:00,227.87706,1.0,99.0,24.325
2026-10-04 07:00:00,806.13483,63.75,96.5,25.425
2026-10-04 08:00:00,1390.3417,239.0,98.25,26.425
2026-10-04 09:00:00,1972.91546,425.0,93.5,27.8
2026-10-04 10:00:00,2308.2843900000003,533.75,99.0,28.8
2026-10-04 11:00:00,2656.03257,645.75,99.25,29.8
2026-10-04 12:00:00,2651.41868,650.25,91.25,30.45
2026-10-04 13:00:00,2654.04679,731.0,97.5,31.275
2026-10-04 14:00:00,2084.71781,608.5,93.5,31.525
2026-10-04 15:00:00,1164.6419799999999,546.75,78.0,31.725
2026-10-04 16:00:00,490.48927000000003,387.0,81.0,31.325
2026-10-04 17:00:00,53.25447,177.0,88.25,30.325
2026-10-04 18:00:00,0.70719,29.75,92.25,28.9
2026-10-04 19:00:00,0.6638999999999999,0.0,97.75,28.25
2026-10-04 20:00:00,0.72799,0.0,99.25,27.75
2026-10-04 21:00:00,4.1392299999999995,0.0,79.25,27.55
2026-10-04 22:00:00,1.38466,0.0,73.0,27.075
2026-10-04 23:00:00,0.0,0.0,65.5,26.925
2026-10-05 00:00:00,0.0,0.0,85.25,26.575
2026-10-05 01:00:00,0.0,0.0,84.5,26.875
2026-10-05 02:00:00,0.0,0.0,67.0,26.625
2026-10-05 03:00:00,0.0,0.0,58.0,26.375
2026-10-05 04:00:00,0.86265,0.0,60.25,26.1
2026-10-05 05:00:00,5.414479999999999,0.0,58.75,25.75
2026-10-05 06:00:00,319.33229,1.0,62.75,25.65
2026-10-05 07:00:00,1011.2398900000001,90.0,53.25,27.0
2026-10-05 08:00:00,1805.79415,256.75,53.25,28.275
2026-10-05 09:00:00,2355.2294100000004,437.5,67.0,29.5
2026-10-05 10:00:00,2547.10104,593.75,49.75,30.575
2026-10-05 11:00:00,2539.5314399999997,769.25,30.5,31.9
2026-10-05 12:00:00,2632.80146,890.5,33.0,32.85
2026-10-05 13:00:00,2544.4978300000002,884.75,46.75,33.325
2026-10-05 14:00:00,2522.20385,710.0,56.0,32.725
2026-10-05 15:00:00,1927.688,570.0,41.25,32.375
2026-10-05 16:00:00,884.59974,425.5,59.5,32.025
2026-10-05 17:00:00,104.74749,194.0,75.25,30.5
2026-10-05 18:00:00,2.10333,30.0,82.5,28.3
2026-10-05 19:00:00,2.7243999999999997,0.0,55.0,28.85
2026-10-05 20:00:00,3.95705,0.0,53.75,28.2
2026-10-05 21:00:00,0.52738,0.0,65.75,28.175
2026-10-05 22:00:00,0.0,0.0,77.5,28.025
2026-10-05 23:00:00,0.0,0.0,74.0,27.525
2026-10-06 00:00:00,0.0,0.0,73.5,27.175
2026-10-06 01:00:00,0.0,0.0,93.25,26.8
2026-10-06 02:00:00,0.0,0.0,97.0,26.375
2026-10-06 03:00:00,0.0,0.0,85.75,25.925
2026-10-06 04:00:00,0.62685,0.0,75.75,25.475
2026-10-06 05:00:00,5.40756,0.0,77.0,25.3
2026-10-06 06:00:00,225.98214000000002,1.0,70.0,25.1
2026-10-06 07:00:00,1203.44955,96.5,97.5,25.5
2026-10-06 08:00:00,1483.63796,181.25,94.0,26.475
2026-10-06 09:00:00,1709.34257,328.75,90.25,27.674999999999997
2026-10-06 10:00:00,2063.9807,536.5,97.5,29.05
2026-10-06 11:00:00,2344.46108,570.5,98.25,29.924999999999997
2026-10-06 12:00:00,2372.0599700000002,626.0,96.5,30.65
2026-10-06 13:00:00,2196.2243,578.75,98.75,30.35
2026-10-06 14:00:00,1874.8768699999998,493.5,96.5,29.9
2026-10-06 15:00:00,1436.7706899999998,375.75,96.75,29.45
2026-10-06 16:00:00,687.25883,313.5,98.75,28.7
2026-10-06 17:00:00,74.95264999999999,131.5,96.75,28.025
2026-10-06 18:00:00,1.0536400000000001,23.75,98.75,26.9
2026-10-06 19:00:00,0.86701,0.0,99.0,27.6
2026-10-06 20:00:00,1.5086,0.0,97.0,27.45
2026-10-06 21:00:00,1.3779000000000001,0.0,94.75,27.125
2026-10-06 22:00:00,3.14654,0.0,95.75,26.85
2026-10-06 23:00:00,1.14435,0.0,94.75,26.45
